Ticker,Date,Title,Sentiment,Sentiment_Score
AAPL,02-04-2025,Liberation Day Could Bite Apple Stock (AAPL) Where It Hurts Most - markets.businessinsider.com,Negative,-0.4767
AAPL,18-03-2025,Apple stock price today: What is AAPL stock prediction for 2025? - Markets.com,Neutral,0
AAPL,16-03-2025,Where Will Apple Stock Be In 5 Years? - Forbes,Neutral,0
AAPL,01-04-2025,Jim Cramer on Apple Inc. (NASDAQ:AAPL): “Apple is a great stock but. . .” - Yahoo Finance,Positive,0.3716
AAPL,31-03-2025,Apple Inc. (AAPL): Among Billionaire Ken Fisher’s Top Growth Stock Picks - Yahoo Finance,Positive,0.5267
AAPL,30-03-2025,Is Apple Inc. (AAPL) Best Stock to Buy for the Next 3 Months? - Yahoo Finance,Positive,0.6369
AAPL,18-03-2025,Apple stock rout shaves nearly $700 billion from market cap since record close - Yahoo Finance,Neutral,0
AAPL,24-03-2025,Is Apple Stock A Buy Amid Sluggish iPhone Sales? - Investor's Business Daily,Negative,-0.4019
AAPL,02-04-2025,"AAPL, NVDA, AMZN: Tech Stocks Plunge as Trump Announces 34% Tariff on Chinese Imports - TipRanks",Neutral,0
AAPL,31-03-2025,Is Apple Inc. (AAPL) the Debt Free Halal Stock to Invest in Right Now? - Yahoo Finance,Positive,0.2023
AAPL,13-03-2025,Apple Stock Bulls Are Losing Confidence In iPhone Upgrade Cycle - Investor's Business Daily,Positive,0.1779
AAPL,12-03-2025,Watch These Apple Stock Price Levels as Sell-Off Continues - Investopedia,Neutral,0
AAPL,31-03-2025,"AAPL, AMZN and GOOGL Forecast – Major US Stocks Show Continued Downward Pressure - FXEmpire",Negative,-0.296
AAPL,12-03-2025,Apple Stock Gets Price-Target Cut From Morgan Stanley - Investor's Business Daily,Negative,-0.2732
AAPL,19-03-2025,Ignore the ‘AI Gloom’ and Keep Buying Apple Stock - TradingView,Negative,-0.3612
AAPL,14-03-2025,"MSFT, AMZN and AAPL Forecast – Major US Stocks A Bit Mixed in Premarket Friday Session - FXEmpire",Neutral,0
AAPL,28-03-2025,Apple Inc. (AAPL) Stock Under Pressure – UBS Warns of Slowing Services Growth - Yahoo Finance,Neutral,0
AAPL,01-04-2025,Analysts Say Apple Intelligence Isn’t Coming in 2025. Does That Mean It’s Time to Ditch AAPL Stock? - Barchart.com,Positive,0.4767
AAPL,16-03-2025,Is Apple Inc. (AAPL) the Best Quality Stock to Invest in Now? - Yahoo Finance,Positive,0.6369
AAPL,11-03-2025,AAPL Quantitative Stock Analysis - Nasdaq,Neutral,0
AAPL,07-03-2025,Apple (AAPL) Beats Stock Market Upswing: What Investors Need to Know - Nasdaq,Neutral,0
AAPL,04-02-2025,Apple (AAPL) stock price forecast: third-party price target - Capital.com,Neutral,0
AAPL,01-04-2025,3 Reasons To Avoid Apple Stock (NASDAQ:AAPL) - Seeking Alpha,Negative,-0.296
AAPL,17-03-2025,Apple AI Delay May Be an Opportunity for the Stock. Here’s Why. - Barron's,Positive,0.128
AAPL,17-03-2025,Apple’s Worst Week Since 2022 Spurs Wall Street to Defend Stock - Bloomberg.com,Negative,-0.6249
AAPL,04-03-2025,"Jim Cramer on Apple Inc. (AAPL): ‘If We Slap Something On China, Well I Mean Does That Apply To Apple?’ - Yahoo Finance",Positive,0.4019
AAPL,11-03-2025,"AMZN, AAPL and GOOG Forecast – Major US Stocks Trying to Bounce - FXEmpire",Neutral,0
AAPL,24-03-2025,Is Apple Inc. (AAPL) Widely Held by Individuals in 2025? - Yahoo Finance,Neutral,0
AAPL,24-02-2025,Apple Makes $500 Billion Bet: Is AAPL Stock Ready To Shine Or Stumble? - Benzinga,Positive,0.3612
AAPL,08-03-2025,Apple Stock To Fall 30%? - Forbes,Neutral,0
AAPL,19-03-2025,Is Apple Inc. (AAPL) a Stock That Members of Congress Own? - Yahoo Finance,Neutral,0
AAPL,02-04-2025,Apple (AAPL) Stock Prediction & Analysis: Why Visa is Betting $100M on Apple Card's Future - MoneyCheck,Neutral,0
AAPL,02-04-2025,"Trump tariffs attack key parts of the Apple supply chain, Apple stock drops 7% in after-hours trading - 9to5Mac",Negative,-0.4767
AAPL,01-04-2025,Why Apple Is Going To Outperform - Seeking Alpha,Neutral,0
AAPL,17-03-2025,Is Apple Inc. (NASDAQ:AAPL) the Best Reddit Stock to Invest In? - Yahoo Finance,Positive,0.6369
AAPL,07-03-2025,Apple Inc. (AAPL): Jim Cramer Cautions – ‘I Could See the Stock Going Lower!’ - Yahoo Finance,Neutral,0
AAPL,25-03-2025,Apple: Buy Now Before The iPhone 17 Hype - Seeking Alpha,Neutral,0
AAPL,03-02-2025,Why Apple (AAPL) Stock Is Trading Lower Today - Yahoo Finance,Negative,-0.296
AAPL,12-02-2025,Apple (AAPL) Stock: Recent News and Rating Change - Yahoo Finance,Neutral,0
AAPL,10-03-2025,Apple Stock Sinks As Siri AI Upgrade Delay Likely To Hurt iPhone Sales - Investor's Business Daily,Negative,-0.6908
AAPL,26-03-2025,Apple Inc. (AAPL) is the Best Stock to Buy According to This Quant Hedge Fund - Yahoo Finance,Positive,0.6369
AAPL,13-03-2025,Apple Shares Are Losing Haven Allure as Headwinds Deter Bulls - Bloomberg.com,Negative,-0.1027
AAPL,26-03-2025,Apple (AAPL) Stock Moves -0.99%: What You Should Know - Nasdaq,Neutral,0
AAPL,24-03-2025,Apple Inc. (AAPL): Can the Tech Giant Regain Its Stock Market Rhythm? - Yahoo Finance,Neutral,0
AAPL,01-04-2025,"Tesla Short Position Now 4th Largest, Trails NVDA, MSFT, AAPL - Yahoo Finance",Neutral,0
AAPL,19-02-2025,Apple Introduces New Low-Cost iPhone To Boost Sales - Investor's Business Daily,Positive,0.4019
AAPL,20-03-2025,AAPL Stock Back Down As Apple Restructures AI Leadership After Siri 2.0 Delay - FXLeaders,Negative,-0.3182
AAPL,12-03-2025,"Morgan Stanley cut Apple price target over tariffs, Siri AI delay - Yahoo Finance",Negative,-0.5267
AAPL,11-03-2025,Apple stock sinks beneath 200-day moving average as Trump raises Canadian tariffs - FXStreet,Neutral,0
AAPL,11-03-2025,Apple Inc. (AAPL) is Attracting Investor Attention: Here is What You Should Know - Yahoo Finance,Positive,0.4767
AAPL,18-03-2025,Jim Cramer on Apple (AAPL): ‘There’s Nothing Near Term That is So Great’ - Yahoo Finance,Neutral,0
AAPL,01-04-2025,Apple risk-reward 'looks attractive' as Apple Intelligence expands: Citi (AAPL:NASDAQ) - Seeking Alpha,Positive,0.7506
AAPL,14-02-2025,What Analysts Think of Apple Stock Ahead of Wednesday’s Product Launch - Investopedia,Neutral,0
AAPL,01-03-2025,Is Apple Inc. (AAPL) The Best Money Making Stock To Buy Now? - Yahoo Finance,Positive,0.6369
AAPL,17-03-2025,Jim Cramer’s Vision: Why Apple (AAPL) Could Dominate Enterprise AI - Yahoo Finance,Positive,0.128
AAPL,02-04-2025,"Cramer Called Tech's Bounce Back a Stay of Execution, But Amazon (AMZN), Apple (AAPL) and Broadcom (AVGO) Are Up Big Again - 24/7 Wall St.",Positive,0.2617
AAPL,21-01-2025,Apple Stock Falls as Jefferies Downgrades; JPM Lowers Price Target - Investopedia,Negative,-0.128
GOOGL,02-04-2025,"Dear Google Stock Fans, Mark Your Calendars For April 9 - Barchart.com",Positive,0.3818
GOOGL,01-04-2025,"A direct appeal to Sundar Pichai, CEO of Alphabet, to please fix Google Finance’s most basic feature - Sherwood News",Positive,0.3182
GOOGL,24-03-2025,Google Stock To $500? - Forbes,Neutral,0
GOOGL,31-03-2025,Is Google at risk of irrelevance? Alphabet’s stock drop draws comparison to Kodak. - MarketWatch,Negative,-0.4939
GOOGL,31-03-2025,"AAPL, AMZN and GOOGL Forecast – Major US Stocks Show Continued Downward Pressure - FXEmpire",Negative,-0.296
GOOGL,02-04-2025,Alphabet (GOOGL) Stock Slides as Market Rises: Facts to Know Before You Trade - Nasdaq,Neutral,0
GOOGL,25-03-2025,How Alphabet Cybersecurity Acquisition Raises Big Questions. Is Google Stock A Buy Or Sell? - Investor's Business Daily,Neutral,0
GOOGL,28-03-2025,Is Google Stock Undervalued At $156? - Forbes,Neutral,0
GOOGL,31-03-2025,Is Alphabet Inc. (GOOGL) the Best Very Cheap Stock to Buy According to Billionaires? - Yahoo Finance,Positive,0.6369
GOOGL,18-03-2025,"Alphabet To Acquire Cybersecurity Firm Wiz In All Cash, $32 Billion Deal. Google Stock Falls. - Investor's Business Daily",Neutral,0
GOOGL,02-04-2025,Alphabet Inc. (GOOG): Among the Best US Stocks to Buy For Foreign Investors - Yahoo Finance,Positive,0.6369
GOOGL,31-03-2025,I'm Buying More Google Stock -- Here's Why - Nasdaq,Neutral,0
GOOGL,02-04-2025,Is Google Stock Doomed to Be the Next Kodak? Some Experts Are Worried Alphabet Is Headed for Irrelevancy. - Barchart.com,Negative,-0.7506
GOOGL,31-03-2025,"Magnificent Seven Stocks Watch: Nvidia, Tesla Sell Off - Investor's Business Daily",Positive,0.5994
GOOGL,01-04-2025,Alphabet Stock Flirts With a Bottom: Here’s What Michael Morris Predicts Ahead - TipRanks,Positive,0.1779
GOOGL,19-03-2025,GOOGL to Buy Wiz for $32B: Smart Move for the Stock or a Risky Bet? - TradingView,Positive,0.2263
GOOGL,30-03-2025,Is a New AI Model the Catalyst Alphabet Stock Needed? - Yahoo Finance,Neutral,0
GOOGL,29-03-2025,"AI Stocks: Tech Giants, Cloud Titans Face 'Show Me' Moment. CoreWeave IPO Disappoints. - Investor's Business Daily",Negative,-0.3818
GOOGL,01-04-2025,Jim Cramer on Alphabet (GOOGL): Waymo’s Nowhere as Good as Tesla! - Yahoo Finance,Negative,-0.4015
GOOGL,18-03-2025,Google Stock Slips. It’s Buying Cloud Security Start-Up Wiz for $32 Billion. - Barron's,Positive,0.34
GOOGL,12-03-2025,The only tech stock I’d consider buying right now for NASDAQ:GOOG by BlackBull_Markets - TradingView,Neutral,0
GOOGL,30-03-2025,I'm Buying More Google Stock -- Here's Why - The Motley Fool,Negative,-0.4404
GOOGL,25-03-2025,Alphabet’s SWOT analysis: google stock poised for ai-driven growth amid challenges - Investing.com India,Positive,0.5994
GOOGL,28-03-2025,The Daily Breakdown: What’s Happening to GOOGL Stock? - eToro,Neutral,0
GOOGL,08-03-2025,Alphabet (GOOGL) Stock Hovers in Buy-The-Dip Territory - Yahoo Finance,Neutral,0
GOOGL,18-03-2025,Is GOOGL Stock A Buy On The Dip As Alphabet Acquires Wiz? - Barchart.com,Neutral,0
GOOGL,26-03-2025,Google: This Could Be The Best Time To Buy Over The Last 5 Years - Seeking Alpha,Positive,0.6369
GOOGL,18-03-2025,"Google Stock Tumbles 4% After $32B Wiz Acquisition, Breaks Key Support - FXLeaders",Positive,0.4019
GOOGL,18-03-2025,How Did This Company With Just 1% Profits Outperform Google Stock? - Forbes,Positive,0.4404
GOOGL,17-03-2025,Alphabet Stock: The Market Is Missing The Bigger Picture (NASDAQ:GOOG) - Seeking Alpha,Negative,-0.296
GOOGL,22-03-2025,Alphabet: Too Early To Buy The Dip - Seeking Alpha,Neutral,0
GOOGL,01-04-2025,Alphabet: Entering The 'Buy Zone' (Rating Upgrade) (NASDAQ:GOOG) - Seeking Alpha,Neutral,0
GOOGL,01-04-2025,Magnificent Seven Stocks: Apple Still King As Nvidia Stays Rattled. Tesla Holds This Edge. - Investor's Business Daily,Positive,0.5994
GOOGL,01-04-2025,"Google (Alphabet) Stock Stage Rebound in Big Tech, S&P Closes Up Too - FXLeaders",Neutral,0
GOOGL,11-03-2025,GOOGL Quantitative Stock Analysis - Nasdaq,Neutral,0
GOOGL,12-03-2025,Alphabet (GOOGL) Exceeds Market Returns: Some Facts to Consider - Yahoo Finance,Neutral,0
GOOGL,18-03-2025,Google's splashy cybersecurity deal is a dud with investors. They're more focused on the economy. - Business Insider,Positive,0.2247
GOOGL,17-03-2025,Are We Witnessing Alphabet Transform Into the Old IBM? - The Motley Fool,Negative,-0.4404
GOOGL,21-03-2025,"Google Stock: Internet Giants' 'Section 230' Protections Targeted By Bipartisan Bill, Says Report - Investor's Business Daily",Neutral,0
GOOGL,10-03-2025,Wall Street Hopes For Trump-Google Antitrust Deal Take A Blow - Investor's Business Daily,Positive,0.4215
GOOGL,18-03-2025,Alphabet stock falls after announcing $32B deal to buy Wiz - Yahoo Finance,Neutral,0
GOOGL,19-03-2025,Analyst revisits Google parent price target after major acquisition - TheStreet,Neutral,0
GOOGL,05-02-2025,Google Parent Alphabet’s Stock Tumbles Amid Worries Whether AI Spending Will Pay Off - Investopedia,Negative,-0.4939
GOOGL,29-03-2025,2 Artificial Intelligence Stocks You Can Buy and Hold for the Next Decade - Yahoo Finance,Positive,0.4767
GOOGL,17-03-2025,Alphabet Stock Has Lost Over $500 Billion in Market Cap. Is the Google Parent a Top AI Stock to Buy Now? - The Motley Fool,Negative,-0.5267
GOOGL,26-03-2025,Microsoft Takes On Alphabet With This AI Advance. It’s Copilot vs. Gemini. - Barron's,Neutral,0
GOOGL,26-03-2025,Here is Why Jim Cramer Dislikes Alphabet Inc. (GOOGL) Stock - Yahoo Finance,Negative,-0.4019
GOOGL,01-04-2025,Alphabet (GOOGL) Stock: Can Google’s AI Innovation Overcome Advertising Woes? - MoneyCheck,Negative,-0.0772
GOOGL,18-03-2025,What Google's big Wiz cloud security deal means for Alphabet and our 2 cyber stocks - CNBC,Positive,0.34
GOOGL,05-02-2025,Google Spanked On 2025 Capital Spending But Meta Platforms Gets Pass - Investor's Business Daily,Neutral,0
GOOGL,31-01-2025,Google Stock Clears Important Chart Level Ahead Of Earnings Report - Investor's Business Daily,Positive,0.2732
GOOGL,13-03-2025,You Do Not Sell A Stock Like Alphabet - The Future Belongs To It (NASDAQ:GOOG) - Seeking Alpha,Negative,-0.2755
GOOGL,29-03-2025,Alphabet Stock: Even Better Buy After The Meltdown - Upgrade To Strong Buy (NASDAQ:GOOG) - Seeking Alpha,Positive,0.7351
GOOGL,18-03-2025,"Buy the dip in stocks like Alphabet and Block, chief investment strategist says - CNBC",Negative,-0.1027
GOOGL,06-02-2025,What's Happening With GOOG Stock? - Forbes,Neutral,0
GOOGL,14-03-2025,"Stock market today: Dow, S&P 500, Nasdaq close higher as Nvidia pops, Google slides - Yahoo Finance",Neutral,0
GOOGL,07-03-2025,Jim Cramer on Alphabet Inc. (GOOGL): ‘I Don’t Understand This Erratic Trading!’ - Yahoo Finance,Neutral,0
GOOGL,19-03-2025,GOOGL to Buy Wiz for $32B: Smart Move for the Stock or a Risky Bet? - Yahoo,Positive,0.2263
GOOGL,29-03-2025,Is Alphabet Inc. (GOOGL) the Top Growth Stock in David Tepper’s Portfolio? - Yahoo Finance,Positive,0.5267
GOOGL,10-12-2024,"Google stock skyrockets with Willow launch; if you are an investor, here's what you should know - The Economic Times",Neutral,0
GOOGL,01-04-2025,Alphabet: Poised For Explosive Returns After Selloff (NASDAQ:GOOGL) - Seeking Alpha,Positive,0.25
GOOGL,05-02-2025,Analysts Cut GOOGL Stock Price Targets After Alphabet’s Mixed Earnings Report - markets.businessinsider.com,Negative,-0.2732
GOOGL,05-02-2025,Google Cloud 'Capacity Constrained' Like Microsoft Azure. Good News For Amazon? - Investor's Business Daily,Positive,0.6908
GOOGL,18-03-2025,"Stocks to Watch Tuesday: Alphabet, BYD, Xiaomi, Nvidia - WSJ",Neutral,0
GOOGL,15-11-2024,Nasdaq Retreat Picks Up Steam. Trump Tech Rally Fades. Is Google Stock A Buy Or Sell? - Investor's Business Daily,Positive,0.2023
GOOGL,29-03-2025,Alphabet Stock: Leading The AI Race (NASDAQ:GOOG) - Seeking Alpha,Neutral,0
GOOGL,17-03-2025,Is Alphabet Inc. (GOOGL) the Best Quantum Computing Stock to Buy Right Now? - Yahoo Finance,Positive,0.6369
GOOGL,11-12-2024,What’s Happening With Google Stock? - Forbes,Neutral,0
GOOGL,28-03-2025,Alphabet Stock (GOOGL) Dives as it Pays $100M to Settle Ads Dispute From the Noughties - TipRanks,Negative,-0.4019
GOOGL,14-03-2025,"Alphabet Inc.’s Google (GOOG) Unveils Gemma 3 AI Models, Promising Efficiency and Portability - Yahoo Finance",Positive,0.6369
GOOGL,04-02-2025,What Analysts Think of Google Parent Alphabet's Stock Ahead of Earnings - Investopedia,Neutral,0
GOOGL,30-03-2025,Alphabet Inc. (GOOGL)’s AI Powers Lockheed Martin’s National Security Innovations - Yahoo Finance,Positive,0.34
GOOGL,01-04-2025,"GOOGL, ON, ALGN: Morningstar (MORN) Names Top-Rated Stocks That Are Undervalued - TipRanks",Neutral,0
GOOGL,04-02-2025,Google Parent Alphabet's Stock Slides as Cloud Revenue Disappoints - Investopedia,Negative,-0.3818
GOOGL,29-03-2025,Here is Why Jim Cramer Is Concerned About Alphabet Inc. (NASDAQ:GOOGL) Stock - Yahoo Finance,Neutral,0
GOOGL,10-12-2024,"Google Flexes Its Tech Muscles With Quantum Computing Chip, Waymo - Investor's Business Daily",Neutral,0
GOOGL,12-03-2025,Is Google Stock a Losing Bet or the Best Opportunity? - The Motley Fool,Positive,0.3612
GOOGL,28-03-2025,Alphabet Inc. (GOOGL) Self-Driving Unit Waymo Sets Sights on D.C. – Is This the Next Growth Driver? - Yahoo Finance,Positive,0.3818
GOOGL,24-03-2025,Is GOOGL Stock A Buy Now That It Has Sealed The Deal To Acquire Wiz? - Barchart.com,Neutral,0
GOOGL,03-03-2025,"Is Google Stock A Buy, Sell, Or Hold As Layoffs At The Tech Giant Continue? - Barchart.com",Neutral,0
GOOGL,11-02-2025,Can GOOGL's Cloud Investments Push the Stock Higher in 2025? - Yahoo Finance,Neutral,0
GOOGL,10-03-2025,Alphabet (GOOGL) Stock Stands Tall Amid Tech Market Sell-Off - markets.businessinsider.com,Neutral,0
GOOGL,05-02-2025,Alphabet shares fall as cloud growth concerns and AI spending rattle investors - Reuters,Positive,0.5859
GOOGL,07-03-2025,Alphabet Inc. (GOOGL) Unveils AI-Driven Search Mode with Gemini 2.0 - Yahoo Finance,Neutral,0
MSFT,31-03-2025,Microsoft (MSFT) Stock Sinks As Market Gains: What You Should Know - Nasdaq,Positive,0.34
MSFT,31-03-2025,"Microsoft Stock Falls Eight Of The Past Nine Weeks; Is MSFT Still A Buy In March, Or Is It A Sell? - Investor's Business Daily",Neutral,0
MSFT,01-04-2025,Why Microsoft Stock Is Down? MSFT Share Tests 15-Month Low but 2025 Price Predictions Remain Bullish - Finance Magnates,Neutral,0.0129
MSFT,30-03-2025,Is Microsoft Corporation (MSFT) Best Stock to Buy for the Next 3 Months? - Yahoo Finance,Positive,0.6369
MSFT,01-04-2025,Tech Sell-Off Makes Microsoft Stock Look Like a Steal - Entrepreneur,Negative,-0.1779
MSFT,30-03-2025,Top Wall Street analysts are confident about the prospects for these 3 stocks - CNBC,Positive,0.7351
MSFT,31-03-2025,Microsoft (MSFT) Stock Price & Analysis: Is the Giant Ready to Weather Trump's Tariff Storm? - CoinCentral,Positive,0.3612
MSFT,26-03-2025,MSFT stock price today: Microsoft stock drops on data center news - Markets.com,Neutral,0
MSFT,11-03-2025,Should You Buy MSFT Stock At $380? - Forbes,Neutral,0
MSFT,01-04-2025,Why Microsoft stock is getting a top-pick stamp from this analyst - Yahoo Finance,Neutral,0
MSFT,31-03-2025,"Microsoft Corporation: NASDAQ MSFT stock price prediction, new and analysis - Markets.com",Neutral,0
MSFT,25-03-2025,MSFT Quantitative Stock Analysis - Warren Buffett - Nasdaq,Neutral,0
MSFT,31-03-2025,"Two Veteran Investors Tout AMZN, MSFT - Yahoo Finance",Negative,-0.128
MSFT,07-03-2025,Microsoft Corporation (MSFT): Jim Cramer Calls It ‘The Outlier’ Amid AI Concerns” - Yahoo Finance,Neutral,0
MSFT,01-04-2025,Microsoft Corporation (MSFT): Among The Best US Stocks To Buy For Foreign Investors - Yahoo Finance,Positive,0.6369
MSFT,02-04-2025,Is Most-Watched Stock Microsoft Corporation (MSFT) Worth Betting on Now? - Yahoo Finance,Positive,0.2263
MSFT,17-03-2025,Why Microsoft Corporation (MSFT) is One of the Best Strong Buy Stocks to Buy Right Now - Yahoo Finance,Positive,0.8176
MSFT,31-03-2025,Billionaire Stanley Druckenmiller Sells Microsoft Stock and Buys a Brilliant Stock Up 334% in 5 Years - The Motley Fool,Positive,0.2263
MSFT,17-03-2025,Why Microsoft (MSFT) is a Top Stock for the Long-Term - Nasdaq,Positive,0.2023
MSFT,02-04-2025,1 Outstanding AI Stock That Is a Bargain Buy Right Now - TradingView,Positive,0.7003
MSFT,24-03-2025,Is Microsoft Corporation (NASDAQ:MSFT) The Best Extremely Profitable Stocks to Buy According to Analyst? - Yahoo Finance,Positive,0.8122
MSFT,24-03-2025,Microsoft (MSFT): Among the Tech Stocks to Buy According to Goldman Sachs - Yahoo Finance,Neutral,0
MSFT,30-03-2025,Microsoft Corporation (MSFT): Among the Top Growth Stocks in David Tepper’s Portfolio - Yahoo Finance,Positive,0.5267
MSFT,14-03-2025,Microsoft Corporation (NASDAQ:MSFT) Upgraded to ‘Buy’ as AI Investment Strategy Gains Traction - Yahoo Finance,Positive,0.34
MSFT,18-03-2025,Fund Manager Says He’s Buying Microsoft (MSFT) Shares Despite ‘Terrible Chart’ - Yahoo Finance,Positive,0.296
MSFT,31-03-2025,"Magnificent Seven Stocks Watch: Nvidia, Tesla Sell Off - Investor's Business Daily",Positive,0.5994
MSFT,29-03-2025,Microsoft (MSFT): The Best Gaming Stock to Invest In According to Billionaires - Yahoo Finance,Positive,0.6369
MSFT,26-03-2025,Microsoft stock drops from news of abandoned data center projects - Yahoo Finance,Negative,-0.4588
MSFT,01-04-2025,"‘Load Up the Truck,’ Says RBC about Microsoft Stock (MSFT) - TipRanks",Neutral,0
MSFT,29-03-2025,Microsoft Stock: Too Much Cloud CapEx (NASDAQ:MSFT) - Seeking Alpha,Neutral,0
MSFT,30-01-2025,What's Happening With MSFT Stock? - Forbes,Neutral,0
MSFT,14-03-2025,"MSFT, AMZN and AAPL Forecast – Major US Stocks A Bit Mixed in Premarket Friday Session - FXEmpire",Neutral,0
MSFT,02-04-2025,"How Much Further Can the ""Magnificent Seven"" Fall? Here's What History Suggests. - Yahoo Finance",Positive,0.5994
MSFT,24-03-2025,Is It Worth Investing in Microsoft (MSFT) Based on Wall Street's Bullish Views? - Yahoo Finance,Positive,0.2263
MSFT,27-03-2025,Microsoft Stock (MSFT) Sinks Lower After Scrapping Data Center Projects in the U.S. and Europe - markets.businessinsider.com,Negative,-0.296
MSFT,06-03-2025,Microsoft (MSFT) Stock Moves -1.03%: What You Should Know - Nasdaq,Neutral,0
MSFT,24-03-2025,Is Microsoft Corporation (MSFT) the Best Predictive Analytics Stock to Buy According to Analysts? - Yahoo Finance,Positive,0.6369
MSFT,26-03-2025,Microsoft Corporation (MSFT): Billionaire’s Quant Hedge Fund’s #3 Stock Pick - Yahoo Finance,Neutral,0
MSFT,23-03-2025,Is Microsoft (MSFT) The Best Robinhood Stock to Buy According to Analysts? - Yahoo Finance,Positive,0.6369
MSFT,25-03-2025,Is Microsoft Corporation (NASDAQ:MSFT) The Best Stocks to Buy Now For the Long Term? - Yahoo Finance,Positive,0.6369
MSFT,11-03-2025,$1000 Invested In Microsoft 15 Years Ago Would Be Worth This Much Today - Microsoft (NASDAQ:MSFT) - Benzinga,Positive,0.2263
MSFT,26-03-2025,Microsoft Corporation (MSFT) Price Target Raised to $595—AI Momentum and Strong Financials Fuel Bullish Outlook - Yahoo Finance,Positive,0.5106
MSFT,25-03-2025,Microsoft Corporation (NASDAQ:MSFT): One of Philippe Laffont Stock Portfolio’s Top 10 Stock Picks - Yahoo Finance,Positive,0.2023
MSFT,27-03-2025,Is Microsoft (MSFT) the Top Blue Chip AI Stock to Buy According to Billionaire Cliff Asness? - Yahoo Finance,Positive,0.2023
MSFT,22-03-2025,Is Microsoft Corporation (MSFT)The Best Stock to Buy According to Billionaire Ray Dalio? - Yahoo Finance,Positive,0.6369
MSFT,27-02-2025,"MSFT Trips Below Key Price Level, Down Almost 7% Year To Date; Is Microsoft Stock A Buy In February? - Investor's Business Daily",Neutral,0
MSFT,24-03-2025,Microsoft (MSFT) and NVIDIA’s AI Partnership to Boost Productivity and Innovation - Yahoo Finance,Positive,0.6486
MSFT,24-03-2025,Is Microsoft Corporation (MSFT) the Top Stock to Buy According to XN Exponent Advisors LLC? - Yahoo Finance,Positive,0.2023
MSFT,21-03-2025,Microsoft: A Wide Moat Is Not Enough - Seeking Alpha,Neutral,0
MSFT,01-04-2025,"Jim Cramer Was Absolutely Wrong As Nvidia (NVDA), Microsoft (MSFT) and Tesla (TSLA) Shoot Higher Today - 24/7 Wall St.",Negative,-0.6997
MSFT,11-03-2025,Microsoft Corporation (MSFT): Stifel Reiterates ‘Buy’ but Lowers Price Target on Capex Concerns - Yahoo Finance,Negative,-0.1901
MSFT,27-03-2025,"“GPUs Are Melting,” Says Sam Altman about OpenAI’s (MSFT) New Image Tool - markets.businessinsider.com",Neutral,0
MSFT,23-03-2025,Microsoft Corporation (MSFT) Among Retail Investors’ Top Picks in 2025 - Yahoo Finance,Positive,0.2023
MSFT,26-03-2025,Microsoft Corporation (MSFT) Stock Gets $520 Target as Analysts Praise Triple-Digit AI Growth - Insider Monkey,Positive,0.7351
MSFT,24-02-2025,"Stock market today: Nasdaq, S&P 500 slide as NVDA and MSFT stock dips - Markets.com",Neutral,0
MSFT,25-02-2025,Is Microsoft Stock Too Expensive To Buy At $400? - Forbes,Neutral,0
MSFT,28-03-2025,No More Passwords? Microsoft Stock (NASDAQ:MSFT) Plunges on Paradigm Shift - TipRanks,Negative,-0.296
MSFT,25-03-2025,Microsoft Stock (MSFT) Launches 6 New AI Agents to Fortify Security Copilot - markets.businessinsider.com,Positive,0.34
MSFT,17-01-2025,Microsoft’s Stock Revival Hinges on Showing Growth From AI Binge - Bloomberg.com,Positive,0.3818
MSFT,10-03-2025,Analyst Says Microsoft (MSFT) CapEx Outlook a Telltale Sign For Nvidia’s Future - Yahoo Finance,Neutral,0
MSFT,28-03-2025,Microsoft Corporation (MSFT) Scales Back Data Centers – Is It a Smart Move or Red Flag for Investors? - Yahoo Finance,Positive,0.4019
MSFT,13-03-2025,Analyst overhauls Microsoft stock price target amid potential AI pivot - TheStreet,Neutral,0
MSFT,05-03-2025,Microsoft Corporation (MSFT): Among the Best Stocks To Invest In According to Billionaires - Yahoo Finance,Positive,0.6369
MSFT,13-03-2025,"Microsoft Corporation (MSFT) Adopts ‘Power First’ Strategy, Eyes Finland for AI Data Centers - Yahoo Finance",Positive,0.1779
MSFT,16-02-2025,Why Did UBS Set a $510 Target for Microsoft (MSFT) Stock? - Yahoo Finance,Neutral,0
MSFT,30-01-2025,MSFT: Microsoft Stock Slips as Cloud Growth Stalls Despite $23 Billion Splurge on AI - TradingView,Positive,0.3818
MSFT,29-01-2025,What Analysts Think of Microsoft Stock Ahead of Earnings - Investopedia,Neutral,0
MSFT,13-03-2025,Microsoft has been the worst Big Tech stock lately. Here’s why it may become the best. - MarketWatch,Neutral,0.0258
MSFT,19-02-2025,MSFT: Microsoft Stock Jumps 1% on Quantum Chip Powered by New State of Matter - TradingView,Neutral,0.0258
MSFT,22-01-2025,Why Microsoft Stock Is Jumping Today - Nasdaq,Neutral,0
MSFT,27-02-2025,Jim Cramer Says Microsoft Corporation (MSFT) ‘Has Become A Battleground Stock’ - Yahoo Finance,Negative,-0.4019
MSFT,01-04-2025,Is it the Right Time to Invest in Microsoft Stock as Copilot+ Grows? - Zacks Investment Research,Neutral,0
MSFT,26-03-2025,Is Microsoft Corporation (MSFT) the Best Roth IRA Stock to Buy According to Analysts? - Yahoo Finance,Positive,0.6369
MSFT,22-03-2025,Microsoft Corporation (MSFT): Among Stocks Wall Street Is Calling Bullish Amid Market Turmoil - Yahoo Finance,Negative,-0.3612
MSFT,19-03-2025,Is Microsoft Corporation (MSFT) a Stock That Members of Congress Own? - Insider Monkey,Neutral,0
MSFT,31-03-2025,Microsoft Corporation (MSFT) Stock: The AI Gamble That’s Already Paying Off - MoneyCheck,Neutral,0
MSFT,29-01-2025,Microsoft Tops Quarterly Targets On Surging AI Business. But Stock Falls. - Investor's Business Daily,Positive,0.2846
MSFT,13-03-2025,"Microsoft (MSFT) Stock: ""Shelter in the Storm"" With New Upgrade & $450 Target - CoinCentral",Neutral,0
MSFT,19-03-2025,Is Microsoft (MSFT) the Top Stock to Buy According to Marshall Wace LLP? - Yahoo Finance,Positive,0.2023
MSFT,21-01-2025,Microsoft (MSFT) Stock Drops Despite Market Gains: Important Facts to Note - Nasdaq,Negative,-0.3875
MSFT,28-03-2025,Microsoft’s Big Malaysia Bet Could Pay Off for Investors - MarketBeat,Negative,-0.1027
MSFT,18-02-2025,Here’s Why Microsoft (MSFT) Stock Returned 13% in Q4 - Yahoo Finance,Neutral,0
MSFT,24-03-2025,"Tesla, Amazon, and Microsoft stock have this brutal trend in common - Yahoo Finance",Negative,-0.634
MSFT,26-03-2025,AI infrastructure stocks fall as Microsoft scraps some data center plans - Seeking Alpha,Neutral,0
MSFT,28-02-2025,Why Is Microsoft (MSFT) Down 5.4% Since Last Earnings Report? - Yahoo Finance,Neutral,0
MSFT,23-12-2024,Microsoft (MSFT) Stock Declines While Market Improves: Some Information for Investors - Nasdaq,Positive,0.4215
MSFT,01-04-2025,"Tesla Short Position Now 4th Largest, Trails NVDA, MSFT, AAPL - Yahoo Finance",Neutral,0
MSFT,24-03-2025,Top Analyst Says Microsoft Stock’s (MSFT) Valuation Seems Attractive - TipRanks,Positive,0.5719
MSFT,11-03-2025,Microsoft Announces $0.83 Dividend: Key Dates and AI Growth Strategy Revealed - Stock Titan,Positive,0.3818
MSFT,30-01-2025,Microsoft Stock Remains Volatile After Earnings; Is MSFT A Buy Or Sell In January? - Investor's Business Daily,Neutral,0
AMD,24-03-2025,"AMD, Nvidia Lead Chip-Stock Rally as Semiconductor Tariff Worries Ease - Investopedia",Negative,-0.0772
AMD,24-03-2025,"Nvidia, AMD, Meta lead tech stock rally as tariff news, AI breakthroughs boost sector - Yahoo Finance",Positive,0.4019
AMD,17-03-2025,"AMD market share in Japan reaches 45%, ""AMD just isn’t used to selling so many graphics cards"" - VideoCardz.com",Positive,0.34
AMD,29-03-2025,"Down 50%, Should You Buy AMD Stock on the Dip? - The Motley Fool",Negative,-0.4404
AMD,13-03-2025,She took down Intel. Now AMD's CEO has a new miracle to perform. - Business Insider,Positive,0.5859
AMD,26-03-2025,What's Going On With AMD Stock? - Benzinga,Neutral,0
AMD,02-04-2025,Oracle Recently Delivered Incredible News for Advanced Micro Devices (AMD) Stock Investors - The Motley Fool,Negative,-0.2263
AMD,27-03-2025,"AMD Stock Slips as Jefferies Downgrades, Says Nvidia Has 'Significant' Advantage - Investopedia",Positive,0.25
AMD,10-03-2025,AMD Stock To $40? - Forbes,Neutral,0
AMD,05-02-2025,AMD gives disappointing AI growth outlook; Stock falls 9% in extended trade - CNBC TV18,Negative,-0.1531
AMD,18-03-2025,Can AMD's Expanding EPYC Portfolio Push the Stock Higher in 2025? - Nasdaq,Neutral,0
AMD,31-03-2025,Advanced Micro Devices (AMD) Stock Declines While Market Improves: Some Information for Investors - Nasdaq,Positive,0.5859
AMD,30-03-2025,"Advanced Micro Devices (AMD): Among Top High-Risk, High-Reward Growth Stocks To Buy Now - Yahoo Finance",Positive,0.6597
AMD,18-03-2025,"‘Play It Like Warren Buffett,’ Says Investor About AMD Stock - TipRanks",Positive,0.3612
AMD,02-04-2025,Good News for AMD Stock Investors - The Motley Fool,Neutral,0
AMD,27-03-2025,AMD Stock Gets a Downgrade. Why It Has a Problem With Its AI Chips. - Barron's,Negative,-0.4019
AMD,27-03-2025,AMD Stock Downgraded As Chipmaker Lags Nvidia In AI - Investor's Business Daily,Negative,-0.3612
AMD,27-03-2025,AMD Gets Another Downgrade on Tough Competition With Nvidia - Bloomberg.com,Negative,-0.128
AMD,17-03-2025,AMD Stock Climbs as Chipmaker's Gaming GPUs Gain Market Share in Japan - Investopedia,Positive,0.6808
AMD,02-04-2025,Oracle Recently Delivered Incredible News for Advanced Micro Devices (AMD) Stock Investors - Yahoo,Positive,0.25
AMD,12-03-2025,"Intel stock climbs following report that TSMC has pitched Nvidia, AMD on venture to run Intel's foundry business - Yahoo Finance",Neutral,0
AMD,02-04-2025,Tech Stocks Tumble: Palantir (PLTR) and AMD Stock Dive After Hours Despite Softer Tariffs - FXLeaders,Neutral,0
AMD,02-04-2025,Why AMD Stock Aligns with Charlie Munger’s Investment Philosophy - TipRanks,Neutral,0
AMD,30-03-2025,"‘Load Up the Truck,’ Says Top Investor About AMD Stock - TipRanks",Positive,0.2023
AMD,31-03-2025,"AMD Closes $4.9 Billion ZT Systems Deal, Targeting Its Piece of the ‘AI Factory’ - WSJ",Neutral,0
AMD,31-03-2025,How To Use A Bear Call Spread To Trade Struggling Shares Of AMD Stock This Bear Call Spread In AMD Earns $110 - Investor's Business Daily,Negative,-0.1531
AMD,24-03-2025,Is Advanced Micro Devices Stock a Buy? - The Motley Fool,Negative,-0.2263
AMD,28-03-2025,Better Artificial Intelligence Stock: AMD vs. Nvidia - The Motley Fool,Positive,0.4767
AMD,31-03-2025,AMD CEO Lisa Su to Yahoo Finance: Demand for AI infrastructure is 'immense' - Yahoo Finance,Negative,-0.128
AMD,08-03-2025,Advanced Micro Devices Inc. (AMD): Among Stocks That Will Go to the Moon According to Reddit - Yahoo Finance,Positive,0.25
AMD,04-03-2025,AMD stock news today: What will AMD stock be worth in 2025? - Markets.com,Positive,0.2263
AMD,19-03-2025,"""Lisa Su Is One of the Greatest Managers of Our Time"" - Jim Cramer’s Take on Advanced Micro Devices Inc. (AMD)’s Struggles - Yahoo Finance",Positive,0.5719
AMD,17-03-2025,Why AMD Stock Is Jumping Today - The Motley Fool,Negative,-0.4404
AMD,18-03-2025,"Has AMD's ""Nvidia Moment"" Finally Arrived? - The Motley Fool",Negative,-0.4404
AMD,02-04-2025,Buy AMD Stock Now To Capitalize On The Generational AI Megatrend (NASDAQ:AMD) - Seeking Alpha,Neutral,0
AMD,03-03-2025,AMD Stock Price Analysis: Why AMD Stock Dropped Recently? - Markets.com,Neutral,0
AMD,01-02-2025,"Billionaire Philippe Laffont sold Nvidia, AMD and invested heavily in two companies dominating a market th - The Economic Times",Negative,-0.296
AMD,12-03-2025,The Case Against Buying AMD’s Stock Dip - Yahoo Finance,Neutral,0
AMD,27-03-2025,"These Stocks Moved the Most Today: Tesla, GM, Ford, Nvidia, AMD, Super Micro, GameStop, Concentrix, and More - Barron's",Positive,0.5994
AMD,12-03-2025,Should You Buy Advanced Micro Devices (AMD) Stock After Its 51% Drop? - The Motley Fool,Negative,-0.4588
AMD,24-03-2025,Why Are AMD (AMD) Shares Soaring Today - Yahoo Finance,Positive,0.296
AMD,03-01-2025,Nvidia vs AMD or is it a one-horse race; which is the better AI chip stock for 2025? - The Economic Times,Positive,0.4404
AMD,31-03-2025,Canada Goose Stock Sinks to All-Time Low on Barclays Downgrade - Investopedia,Negative,-0.2732
AMD,29-01-2025,AMD earnings preview: what to expect from Q4 2024 results - ig.com,Neutral,0
AMD,20-02-2025,AMD CTO Mark Papermaster sells $1.99m in stock - Investing.com India,Neutral,0
AMD,07-03-2025,"Why Advanced Micro Devices, Inc. (AMD) Is Plunging So Far in 2025? - Yahoo Finance",Positive,0.25
AMD,05-02-2025,AMD Stock Slumps as Analysts Cut Price Targets After Data Center Revenue Misses Estimates - Investopedia,Negative,-0.4588
AMD,31-03-2025,Game-Changing News for Advanced Micro Devices - MarketBeat,Positive,0.25
AMD,12-03-2025,AMD Stock: Why Selling Now Could Be a Big Mistake - Nasdaq,Negative,-0.34
AMD,08-03-2025,"Why Is AMD Stock Crashing, and Is It a Buying Opportunity? - Nasdaq",Positive,0.4215
AMD,30-10-2024,AMD shares slump as forecast disappoints AI-focused investors - Reuters,Negative,-0.1027
AMD,21-03-2025,This Analyst Thinks AMD Stock Could Soar Over 120%. Should Investors Buy This Beaten-Down AI Stock? - The Motley Fool,Negative,-0.4404
AMD,31-03-2025,AMD Stock Just Got Hit With Another Downgrade. Should You Buy the Dip in This AI Underdog? - Barchart.com,Neutral,0
AMD,18-02-2025,"Benchmark maintains AMD stock Buy rating, $170 price target - Investing.com India",Neutral,0
AMD,18-03-2025,Is Advanced Micro Devices (AMD) One of the Best High Growth Stocks? - Yahoo Finance,Positive,0.8316
AMD,17-03-2025,Advanced Micro Devices (AMD): Among the Best Data Center Stocks to Buy According to Billionaires - Yahoo Finance,Positive,0.7351
AMD,08-03-2025,"Is Advanced Micro Devices, Inc. (AMD) the Best Growth Stock Under $100 to Buy Now? - Yahoo Finance",Positive,0.8316
AMD,05-02-2025,AMD Stock Falls 8% In Wednesday Pre-Market: What's Going On? - Benzinga,Neutral,0
AMD,01-04-2025,Why Advanced Micro (AMD) is Poised to Beat Earnings Estimates Again - Nasdaq,Positive,0.4588
AMD,11-03-2025,"Will Tariffs, Lull In AI, Take AMD Stock To $40? - Nasdaq",Neutral,0
AMD,05-02-2025,AMD Stock Craters On Soft AI Data Center Business - Investor's Business Daily,Neutral,0
AMD,05-03-2025,AMD stock forecast: how high is AMD stock expected to go? - Markets.com,Neutral,0
AMD,15-03-2025,Advanced Micro Devices (NasdaqGS:AMD) Urges Shareholders To Vote Against Proposal On Shareholder Meeting Rules - Yahoo Finance,Positive,0.25
AMD,02-04-2025,Good News for AMD Stock Investors - The Globe and Mail,Positive,0.4404
AMD,27-03-2025,"Markets News, March 27, 2025: Stocks Close Lower for 2nd Straight Day; GM Leads Auto Sector Selloff After Trump Announces Tariffs - Investopedia",Negative,-0.0772
AMD,04-02-2025,Watch These AMD Stock Price Levels After Post-Earnings Plunge - Investopedia,Neutral,0
AMD,09-03-2025,"Is Advanced Micro Devices, Inc. (AMD) the Best Virtual Reality Stock to Buy According to Analysts? - Yahoo Finance",Positive,0.7351
AMD,19-12-2024,AMD stock touches 52-week low at $121.82 amid market shifts - Investing.com India,Negative,-0.2732
AMD,10-03-2025,Where Will AMD Stock Be in 3 Years? - The Motley Fool,Negative,-0.4404
AMD,12-03-2025,AMD Stock Climbs as JPMorgan Predicts 20% CY25 Growth - Yahoo Finance,Positive,0.3818
AMD,05-02-2025,AMD’s Strong Earnings Fail to Impress as AI Concerns Linger - Saxo Bank,Positive,0.4019
AMD,21-03-2025,"AMD Stock Drops 44%, Is A Big Comeback Coming? - Barchart.com",Neutral,0
AMD,05-02-2025,"AMD shares drop more than 6%, close at lowest since 2023 on disappointing data center revenue - CNBC",Negative,-0.6908
AMD,05-02-2025,"Top Stock Movers Now: Alphabet, AMD, Match Group, and More - Investopedia",Positive,0.2023
AMD,11-03-2025,Advanced Micro Devices (NasdaqGS:AMD) Expands Product Portfolio And Launches US$1500M Fixed-Income Offering - Yahoo Finance,Positive,0.34
AMD,24-03-2025,Is Advanced Micro Devices Stock a Buy? - Yahoo Finance,Positive,0.25
AMD,03-03-2025,Is Advanced Micro Devices Stock Underperforming the Nasdaq? - Nasdaq,Positive,0.25
AMD,28-03-2025,"‘The Gap With Nvidia Is Substantial,’ Says Top Analyst About AMD Stock - markets.businessinsider.com",Positive,0.2023
AMD,04-02-2025,AMD shares tumble as CEO forecasts declining data center sales - Reuters,Positive,0.296
AMD,07-01-2025,AMD stock price today: Is AMD bullish or bearish? - Markets.com,Neutral,0
AMD,28-02-2025,Prediction: 2 Stocks That Will Be Worth More Than AMD 2 Years From Now - Nasdaq,Positive,0.2263
AMD,04-02-2025,AMD's Data Center Revenue Hits Record High But Misses Expectations - Investopedia,Negative,-0.3291
AMZN,02-04-2025,Amazon CEO Andy Jassy shares his top 5 tips for a successful career: 'Don't think that you have to...' - Moneycontrol,Positive,0.8176
AMZN,02-04-2025,Amazon Enters Race For TikTok With Last-Minute Bid: Report - Investor's Business Daily,Positive,0.1779
AMZN,02-04-2025,Amazon Stock (AMZN) Price Prediction and Forecast 2025-2030 for April 2 - 24/7 Wall St.,Positive,0.1779
AMZN,01-04-2025,"Amazon’s (AMZN) Longer-Term Outlook Is “Very Good,” Wedbush Says - Yahoo Finance",Neutral,0
AMZN,02-04-2025,"Stock Movers: Amazon, Tesla, Newsmax - Bloomberg.com",Positive,0.1779
AMZN,31-03-2025,What's Behind The 150% Rise In Amazon Stock? - Nasdaq,Positive,0.1779
AMZN,01-04-2025,3 Reasons to Buy Amazon Stock Like There's No Tomorrow - The Motley Fool,Negative,-0.2263
AMZN,30-03-2025,"Is Amazon.com, Inc. (AMZN) Best Stock to Buy for the Next 3 Months? - Yahoo Finance",Positive,0.6369
AMZN,28-03-2025,Is AMZN Stock Still A Growth Engine? - Forbes,Positive,0.3818
AMZN,31-03-2025,Amazon Pushes Further Into AI Agents As Stock Falls On Tariff Concerns - Investor's Business Daily,Positive,0.1779
AMZN,02-04-2025,Where Will Amazon Stock Be in 5 Years? - The Motley Fool,Negative,-0.296
AMZN,19-03-2025,Amazon.com (AMZN) Surged on Robust Results - Yahoo Finance,Positive,0.34
AMZN,31-03-2025,"AAPL, AMZN and GOOGL Forecast – Major US Stocks Show Continued Downward Pressure - FXEmpire",Negative,-0.296
AMZN,31-03-2025,Why Amazon Stock Is Sinking Today - The Motley Fool,Negative,-0.296
AMZN,02-04-2025,Why Amazon Stock Is Soaring Today - Nasdaq,Positive,0.1779
AMZN,02-04-2025,"Amazon (AMZN) Stock Is “Starting to Look Appealing,” Consumer Expert Says - Yahoo Finance",Positive,0.1779
AMZN,14-03-2025,Amazon Stock Regains Some Ground But Still On Track For Sixth Straight Weekly Decline - Investor's Business Daily,Positive,0.4019
AMZN,02-04-2025,Amazon bid to buy TikTok. We like the stock with or without the popular app - CNBC,Positive,0.2187
AMZN,24-03-2025,Amazon Stock Retakes Key Level As Analyst Offers Upbeat View After Nvidia Event - Investor's Business Daily,Positive,0.1779
AMZN,31-03-2025,Amazon (AMZN) Stock: Analyzing the 37.63% Potential Upside and Future Prospects - DirectorsTalk Interviews,Positive,0.4404
AMZN,31-03-2025,Amazon (AMZN) Stock Falls Amid Market Uptick: What Investors Need to Know - Yahoo Finance,Positive,0.1779
AMZN,31-03-2025,"Two Veteran Investors Tout AMZN, MSFT - Yahoo Finance",Negative,-0.128
AMZN,04-03-2025,Should You Buy AMZN Stock At $205? - Forbes,Neutral,0
AMZN,02-04-2025,"Amazon, Inc. (AMZN) Stock: Price is Up as Amazon Makes Surprise TikTok Bid - CoinCentral",Positive,0.5423
AMZN,07-03-2025,I Worked With Jeff Bezos at Amazon in the Early Years: My Review - Business Insider,Positive,0.1779
AMZN,17-03-2025,AMZN Stock Price Prediction: Can Amazon Hit $306 in 2025? - TradingView,Positive,0.1779
AMZN,07-02-2025,Amazon shares fall 2.5% in pre-market. 2 reasons why Nasdaq-listed AMZN stock is falling… - financialexpress.com,Positive,0.4404
AMZN,12-02-2025,Amazon Stock Tests Key Level After Slipping On Q4 Results. Is It A Buy? - Investor's Business Daily,Positive,0.1779
AMZN,02-04-2025,Is Amazon Stock Worth Holding Now on NOVA AI's Potential? - Yahoo Finance,Positive,0.3818
AMZN,31-03-2025,Why Amazon (AMZN) Shares Are Sliding Today - Yahoo Finance,Positive,0.4404
AMZN,17-03-2025,A Once-in-a-Decade Investment Opportunity: My Pick for the Best AI Stock to Buy Now - The Motley Fool,Positive,0.6249
AMZN,31-03-2025,Amazon Stock Price Prediction for 2025: Where Will It Be in 1 Year - 24/7 Wall St.,Positive,0.1779
AMZN,02-04-2025,Amazon Stock (AMZN) Climbs as it Makes Last Gasp Bid to Buy TikTok - TipRanks,Positive,0.1779
AMZN,17-03-2025,Amazon (AMZN) Stock Drops Despite Market Gains: Important Facts to Note - Yahoo Finance,Negative,-0.233
AMZN,28-03-2025,Why Amazon (AMZN) Shares Are Sliding Today - Barchart.com,Positive,0.4404
AMZN,02-04-2025,Stock market today: Stock futures sink after Trump's 'Liberation Day' tariffs shock markets - Yahoo Finance,Negative,-0.3818
AMZN,31-03-2025,Amazon (AMZN) Stock Price & Analysis: Can The E-commerce Titan Weather The Tariff Storm? - CoinCentral,Positive,0.1779
AMZN,02-04-2025,Why Amazon Stock Is Soaring Today - The Motley Fool,Negative,-0.296
AMZN,18-03-2025,Amazon stock sinks after offering discounted access to Trainium AI servers - FXStreet,Positive,0.2263
AMZN,02-04-2025,"Why Amazon, Walmart, and Target Stocks Dropped More Than 10% in March - The Motley Fool",Negative,-0.296
AMZN,18-03-2025,"Here is Why Amazon.com, Inc. (NASDAQ:AMZN) Is A Cheap Stock with Two Upcoming Catalysts - Yahoo Finance",Neutral,0
AMZN,17-03-2025,Amazon Stock Is Down 11% in 2025. Should You Buy the Dip in AMZN or Run Far Away? - TradingView,Positive,0.1779
AMZN,26-03-2025,Amazon Stock (AMZN) Price Prediction and Forecast 2025-2030 for March 26 - 24/7 Wall St.,Positive,0.1779
AMZN,02-04-2025,"Stocks making the biggest moves midday: Tesla, Trump Media, Amazon, Rivian Automotive and more - CNBC",Positive,0.1779
AMZN,11-03-2025,"AMZN, AAPL and GOOG Forecast – Major US Stocks Trying to Bounce - FXEmpire",Neutral,0
AMZN,26-03-2025,"Amazon Stock (AMZN) Looks Like a Rare Bargain, According to Investors - markets.businessinsider.com",Positive,0.6124
AMZN,13-03-2025,"Is Amazon.com, Inc. (AMZN) the Most Profitable Large Cap Stock to Buy Now? - Yahoo Finance",Positive,0.4927
AMZN,07-02-2025,Amazon shares tank 4% on weakness in cloud computing unit after Q1 forecasts miss Wall Street estimates - Mint,Negative,-0.128
AMZN,17-03-2025,"Is Amazon.com, Inc. (AMZN) the Best Strong Buy Stock to Buy Right Now? - Yahoo Finance",Positive,0.8176
AMZN,06-03-2025,Why Amazon Stock Dropped 11% Last Month - Nasdaq,Positive,0.1779
AMZN,17-03-2025,Is Amazon.com (AMZN) the Top Stock to Buy According to Adage Capital Management? - Yahoo Finance,Positive,0.2023
AMZN,02-04-2025,Better AI Stock: Amazon vs. Oracle - The Motley Fool,Positive,0.1779
AMZN,02-04-2025,Amazon (AMZN) Stock: Tech Giant Makes Eleventh-Hour Play for TikTok - MoneyCheck,Positive,0.4767
AMZN,23-03-2025,"Amazon.com (AMZN) Undercuts NVIDIA with AI Chip Discounts, JPMorgan Remains Bullish - Yahoo Finance",Neutral,0
AMZN,25-03-2025,How To Use A Bullish Diagonal Spread As Amazon Stock Moves Higher - Investor's Business Daily,Positive,0.1779
AMZN,31-03-2025,Amazon: The Recent Plunge Gives Investors A Good Opportunity (NASDAQ:AMZN) - Seeking Alpha,Positive,0.7506
AMZN,31-03-2025,Amazon: AWS And Digital Advertising Growth Are Key Catalysts - Seeking Alpha,Positive,0.5106
AMZN,07-03-2025,"Is Amazon.com, Inc. (AMZN) Among the Best Warren Buffett Stock to Buy Right Now? - Yahoo Finance",Positive,0.6369
AMZN,07-03-2025,Amazon (AMZN) Stock Dips While Market Gains: Key Facts - Nasdaq,Positive,0.4767
AMZN,02-04-2025,Amazon (AMZN) Investors on High Alert as Trump’s “Liberation Day” Arrives - The Globe and Mail,Positive,0.4404
AMZN,26-03-2025,Is Amazon's Valuation 'More Attractive' Than Ever Before? Analyst Says It's Time To 'Aggressively' Buy His 'Favorite' Stock - Yahoo Finance,Positive,0.4927
AMZN,02-04-2025,Amazon (AMZN) Stock Movement Amid Tariff Concerns - GuruFocus,Positive,0.1779
AMZN,31-03-2025,Amazon (AMZN) Taps into Generative AI for Retail Media and Advertising Growth - Yahoo Finance,Positive,0.5106
AMZN,02-03-2025,Why CEOs love to return to work while employees don't? A former Amazon VP explains impact of wealth on life's priorities - Business Today,Positive,0.7834
AMZN,02-04-2025,Amazon (AMZN) Stock Looks Appealing After Recent Decline - GuruFocus,Positive,0.1779
AMZN,18-03-2025,Famous Analyst Explains Why Amazon.com (AMZN) Is Among His Top Picks Amid Latest Selloff - Yahoo Finance,Positive,0.2023
AMZN,01-04-2025,Amazon: What Seems Expensive Today Can Look Cheap Tomorrow (NASDAQ:AMZN) - Seeking Alpha,Positive,0.1779
IBM,02-04-2025,IBM (IBM) Stock Sinks As Market Gains: What You Should Know - Yahoo Finance,Positive,0.34
IBM,20-03-2025,IBM Stock Falls Below Key Level On Accenture Warning About Slowing U.S. Government Tech Spending - Investor's Business Daily,Negative,-0.34
IBM,07-03-2025,IBM Stock Just Saw Its First Insider Buy in 2025 - Barron's,Neutral,0
IBM,10-03-2025,"IBM stock soars to all-time high, reaching 265.8 USD - Investing.com India",Positive,0.2023
IBM,14-03-2025,IBM boss Arvind Krishna pockets 23% pay rise to $25M - theregister.com,Negative,-0.1027
IBM,30-01-2025,Should You Pick IBM Stock At $250? - Forbes,Neutral,0
IBM,19-03-2025,"‘Intriguing Quantum Play,’ Says Investor About IBM Stock - TipRanks",Neutral,0
IBM,27-03-2025,"‘Sell IBM Stock,’ Says Top Analyst - Yahoo Finance",Positive,0.2023
IBM,24-03-2025,IBM Called Best Idea Amid Enterprise 'Demand Shift' For AI Applications - Investor's Business Daily,Positive,0.5719
IBM,17-03-2025,Erste Group raises IBM stock rating to buy on growth optimism - Investing.com,Positive,0.7269
IBM,20-03-2025,Why IBM (IBM) Stock Is Trading Lower Today - Yahoo Finance,Negative,-0.296
IBM,19-02-2025,IBM stock: Oppenheimer’s deeper look at its valuation - Investing.com India,Neutral,0
IBM,07-03-2025,"IBM, Motorola and Other Tech Stocks to Own in a Market Downturn - Barron's",Neutral,0
IBM,17-03-2025,International Business Machines (IBM): One of the Best Quantum Computing Stocks to Buy Right Now? - Yahoo Finance,Positive,0.6369
IBM,30-01-2025,UBS maintains IBM stock Sell rating with $160 target - Investing.com India,Neutral,0
IBM,24-03-2025,IBM’s SWOT analysis: stock poised for AI-driven growth amid market challenges - Investing.com,Positive,0.5994
IBM,01-04-2025,IBM Soars 32% in the Past Year: Should the Stock Be in Your Portfolio? - Yahoo Finance,Neutral,0
IBM,19-03-2025,IBM Extends NVIDIA Collaboration for AI Scalability: Stock to Gain? - Zacks Investment Research,Positive,0.5994
IBM,23-01-2025,Stifel maintains IBM stock Buy rating and $246 price target - Investing.com India,Neutral,0
IBM,15-03-2025,IBM: Steady In A Downturn - Seeking Alpha,Neutral,0
IBM,06-03-2025,IBM Extends JNPR Tie-Up for AI-Native Networking: Stock to Gain? - Nasdaq,Positive,0.5994
IBM,30-01-2025,"IBM Stock Pops On Earnings Beat, Software Growth, Free Cash Flow Outlook - Investor's Business Daily",Positive,0.7096
IBM,02-04-2025,IBM's Game-Changing AI Chip Partnership: 5-Year Deal with Tokyo Electron Targets Next-Gen Computing - Stock Titan,Neutral,0
IBM,26-03-2025,Here's Why IBM's AI Growth Makes It a Stock to Buy Now - The Motley Fool,Negative,-0.0772
IBM,05-03-2025,IBM (IBM) Stock Falls Amid Market Uptick: What Investors Need to Know - Yahoo Finance,Neutral,0
IBM,01-04-2025,International Business Machines Corporation (IBM): Among the Best Consulting Stocks to Buy According to Hedge Funds - Yahoo Finance,Positive,0.6369
IBM,04-03-2025,How is International Business Machines’ Stock Performance Compared to Other Information Technology Services Stocks? - Nasdaq,Neutral,0
IBM,24-03-2025,Key analyst makes surprise call on IBM in AI software growth - TheStreet,Positive,0.5719
IBM,29-01-2025,IBM stock soars on strong profit and bullish 2025 forecast - SiliconANGLE,Positive,0.7351
IBM,30-01-2025,"IBM Stock Jumps, Leads S&P 500 Gainers, on Results, Open-Source AI Strategy - Investopedia",Neutral,0
IBM,30-01-2025,"IBM's upbeat 2025 revenue, free cash flow forecast sends stock soaring on Wall Street - Moneycontrol",Positive,0.5106
IBM,17-03-2025,Are We Witnessing Alphabet Transform Into the Old IBM? - The Motley Fool,Negative,-0.4404
IBM,25-03-2025,IBM to Retrench US Jobs to Trim Operating Costs: Stock to Gain? - Yahoo Finance,Positive,0.5267
IBM,19-03-2025,IBM's watsonx AI Transforms Finastra's Lending Platform: Major Cloud Service Expansion Revealed - Stock Titan,Neutral,0
IBM,02-02-2025,Has IBM Stock Become a Buy? - Yahoo Finance,Neutral,0
IBM,14-03-2025,Should Stock Market Investors Buy IBM Stock? - The Motley Fool,Negative,-0.4404
IBM,02-04-2025,Here's How Much $1000 Invested In IBM 5 Years Ago Would Be Worth Today - Benzinga,Positive,0.2263
IBM,24-03-2025,Which Stocks Benefit From AI Spending? Analyst Names IBM And More - Yahoo Finance,Positive,0.4588
IBM,20-03-2025,Evercore maintains IBM stock Outperform with $275 target - Investing.com,Neutral,0
IBM,30-01-2025,Evercore ISI lifts IBM stock price target to $275 from $240 - Investing.com India,Neutral,0
IBM,24-03-2025,AI Budgets Are Still Rising. IBM Has a ‘Massive Opportunity.’ - Barron's,Neutral,0
IBM,30-01-2025,Why IBM’s stock is having its best day since the dot-com era - MarketWatch,Positive,0.6369
IBM,14-01-2025,IBM Stock 2025 Outlook: Can AI and Cloud Revive IBM’s Growth? - TradingView,Positive,0.6124
IBM,24-03-2025,International Business Machines (IBM) Stock Powers Up as it Joins AI Tech Titans List - TipRanks,Neutral,0
IBM,30-01-2025,IBM shares jump on strong earnings - Data Center Dynamics,Positive,0.765
IBM,25-03-2025,International Business Machines Corporation (IBM) Is a Trending Stock: Facts to Know Before Betting on It - Nasdaq,Neutral,0
IBM,21-03-2025,IBM (IBM) Outpaces Stock Market Gains: What You Should Know - Yahoo Finance,Positive,0.34
IBM,02-04-2025,International Business Machines (NYSE:IBM) Stock Price Up 2.6% - What's Next? - MarketBeat,Neutral,0
IBM,05-03-2025,Melinda French Gates: My IBM Hiring Manager Told Me to Join Microsoft - Business Insider,Positive,0.296
IBM,22-03-2025,International Business Machines (IBM): Among Stocks Insiders Were Piling Into Recently - Yahoo Finance,Neutral,0
IBM,21-02-2025,NBFC stock jumps after signing contract worth ₹297 Cr with IBM India - Trade Brains,Positive,0.2263
IBM,10-03-2025,"Up Nearly 20% In 2025, Should You Buy, Sell, Or Hold IBM Stock? - Barchart.com",Neutral,0
IBM,27-02-2025,IBM (IBM) Stock Moves -1.02%: What You Should Know - Nasdaq,Neutral,0
IBM,18-03-2025,IBM Supercharges Enterprise AI: New NVIDIA Partnership Promises Breakthrough Performance - Stock Titan,Positive,0.3818
IBM,10-02-2025,On theCUBE Pod: IBM stock soars as DeepSeek news continues to shake up industry - SiliconANGLE,Negative,-0.1779
IBM,30-01-2025,IBM stock rockets to new all-time high on AI bookings - FXStreet,Neutral,0
IBM,11-02-2025,"This Isn’t ‘Your Father’s IBM,’ Analyst Says. Why Now Could be the Time to Buy. - Barron's",Neutral,0
IBM,30-01-2025,IBM stock price target raised to $244 from $233 at JPMorgan - Investing.com India,Neutral,0
IBM,05-02-2025,IBM Stock Hits 52-Week High on Strong Long-Term Growth Outlook - markets.businessinsider.com,Positive,0.7096
IBM,30-01-2025,"IBM Stock Soars to All-Time High, Reaching $249.12 - Investing.com",Positive,0.2023
IBM,30-01-2025,IBM Earnings: Strong AI Backlog and 2025 Guidance Drive Up Shares - Morningstar,Positive,0.6705
IBM,29-01-2025,"IBM Stock Rises on AI Demand, Earnings Boost - WSJ",Positive,0.296
IBM,02-04-2025,International Business Machines (NYSE:IBM) Shares Up 0.3% - What's Next? - MarketBeat,Positive,0.296
IBM,14-02-2025,Is Trending Stock International Business Machines Corporation (IBM) a Buy Now? - Nasdaq,Neutral,0
IBM,30-01-2025,IBM Stock Hits Record High in Best Trading Day Since 2000 - WSJ,Positive,0.6369
IBM,30-01-2025,"Wall Street today: US stocks advance, Meta Platforms climbs 4.5%, Microsoft drops 4.7% - Mint",Neutral,0
IBM,02-02-2025,Is IBM Stock a Buy at an All-Time High? - The Motley Fool,Negative,-0.4404
IBM,30-01-2025,IBM Stock Soars on Earnings Beat. CEO Says AI Is Helping. - Barron's,Positive,0.296
IBM,12-02-2025,"IBM return-to-office order hits finance, ops teams amid push to dump staff for AI - theregister.com",Negative,-0.3818
IBM,30-01-2025,Why IBM Stock Was Up 14% Today - The Motley Fool,Negative,-0.4404
IBM,30-01-2025,IBM's CEO touted DeepSeek AI as a validation of his strategy in a post-earnings victory lap as shares surge 12% - Fortune,Positive,0.25
IBM,21-01-2025,IBM (IBM) Stock Sinks As Market Gains: Here's Why - Yahoo Finance,Positive,0.34
IBM,10-03-2025,International Business Machines (NYSE:IBM) Trading Up 1.5% - Here's What Happened - MarketBeat,Neutral,0
IBM,08-03-2025,3 Dividend Tech Stocks That Are Screaming Buys in March - Yahoo Finance,Negative,-0.3818
IBM,12-03-2025,International Business Machines Corporation (IBM): Among Dobermans of the Dow to Buy - Yahoo Finance,Neutral,0
IBM,30-01-2025,IBM Stock Surges on Strong AI Demand - Value The Markets,Positive,0.6369
IBM,31-01-2025,Analysts revisit IBM stock price targets as shares hit record high - TheStreet,Positive,0.296
IBM,29-01-2025,"IBM stock soars on Q4 earnings beat, strong 2025 outlook - Yahoo Finance",Positive,0.5106
IBM,30-01-2025,"IBM rallies 13%, notches best day since 2000 on strong earnings - CNBC",Positive,0.8176
IBM,03-03-2025,IBM senior vice president sells $6.72 million in stock - Investing.com,Neutral,0
IBM,18-02-2025,Is This The Best Dow Stock to Buy Now to Invest in Quantum Computing? - TradingView,Positive,0.6369
IBM,18-03-2025,IBM: Big Blue's Big Plans For Quantum (NYSE:IBM) - Seeking Alpha,Neutral,0
IBM,26-03-2025,Here's Why IBM's AI Growth Makes It a Stock to Buy Now - Yahoo Finance,Positive,0.3818
IBM,30-01-2025,5 Things to Know Before the Stock Market Opens - Investopedia,Neutral,0
IBM,10-02-2025,International Business Machines Stock: Analyst Estimates & Ratings - Nasdaq,Neutral,0
IBM,27-01-2025,"RBC maintains IBM stock Outperform rating, $250 price target - Investing.com",Neutral,0
IBM,29-01-2025,"IBM beats profit estimates as AI shift boosts software performance, shares surge - Reuters",Positive,0.7506
IBM,30-01-2025,"Markets News, January 30, 2025: Stocks Close Higher as Investors Digest Flurry of Earnings Reports; IBM Soars on AI Strength - Investopedia",Positive,0.4939
IBM,11-03-2025,IBM watsonx Powers Mitsubishi Motors' AI Initiative: Stock to Gain? - Zacks Investment Research,Positive,0.5267
IBM,30-01-2025,"Top Stock Movers Now: IBM, Las Vegas Sands, UPS, and More - Investopedia",Positive,0.2023
IBM,05-02-2025,"IBM Story Is Underappreciated, Goldman Sachs Says Stock Can Re-Rate Higher - Benzinga",Neutral,0
IBM,30-01-2025,IBM stock price target raised to $244 from $233 at JPMorgan - Investing.com,Neutral,0
ORCL,02-04-2025,TikTok Ban Deadline Nears. Trump To Hear Plans With Oracle Seen As Front-Runner. - Investor's Business Daily,Negative,-0.5574
ORCL,10-03-2025,What Analysts Think of Oracle Stock Ahead of Earnings - Investopedia,Neutral,0
ORCL,02-04-2025,$ORCL stock is up 2% today. Here's what we see in our data. - Nasdaq,Neutral,0
ORCL,12-03-2025,Will Oracle Stock Drop To $110? - Forbes,Negative,-0.2732
ORCL,30-03-2025,Is Oracle Stock a Buy Now? - The Motley Fool,Negative,-0.4404
ORCL,19-03-2025,"After Earnings, Is Oracle Stock a Buy, a Sell, or Fairly Valued? - Morningstar",Positive,0.4404
ORCL,10-03-2025,Oracle Announces Fiscal 2025 Third Quarter Financial Results - Oracle - Investor Relations,Neutral,0
ORCL,10-03-2025,Oracle Earnings On Deck. Can Tech Giant Reignite AI Rally? - Investor's Business Daily,Neutral,0
ORCL,07-03-2025,How ORCL Stock Might React To Upcoming Earnings? - Forbes,Neutral,0
ORCL,02-04-2025,WestPark Capital Initiates Coverage of Oracle (SNSE:ORCL) with Buy Recommendation - Nasdaq,Neutral,0
ORCL,23-03-2025,Prediction: Oracle Stock Could Surge by 200% in the Next 5 Years - The Motley Fool,Negative,-0.4404
ORCL,17-03-2025,Oracle Stock Gains Amid TikTok Deal Chatter. Deadline Looms For Popular Short-Video Site. - Investor's Business Daily,Positive,0.5574
ORCL,11-03-2025,Oracle Stock Slips As Earnings Miss Overshadows Growing AI Demand - Investor's Business Daily,Negative,-0.1027
ORCL,12-03-2025,Waiting For Stargate Liftoff: Oracle Eyes Megaproject To Restart Stock Rally - Investor's Business Daily,Neutral,0
ORCL,11-03-2025,Oracle stock price target cut to $207 by Bernstein - Investing.com India,Negative,-0.2732
ORCL,07-03-2025,How To Earn $500 A Month From Oracle Stock Ahead Of Q3 Earnings - Yahoo Finance,Neutral,0
ORCL,18-03-2025,Why Oracle Stock Slipped by 3% Today - The Motley Fool,Negative,-0.4404
ORCL,11-03-2025,Oracle Corporation (ORCL) reports earnings - Quartz,Neutral,0
ORCL,15-03-2025,Screwed Up Twice – Jim Cramer’s Take on Oracle Corp. (ORCL)’s Resurgence - Yahoo Finance,Negative,-0.4939
ORCL,31-03-2025,Should You Buy The Dip In Oracle Stock Now? - Barchart.com,Neutral,0
ORCL,03-03-2025,Oracle Stock Nears Earnings Test After DeepSeek Dimmed 'Stargate Euphoria' - Investor's Business Daily,Positive,0.6486
ORCL,07-03-2025,"Oracle Stock, Cruise Line Viking Smacked Lower Ahead Of Quarterly Results - Investor's Business Daily",Negative,-0.296
ORCL,05-03-2025,Here's How Much You Would Have Made Owning Oracle Stock In The Last 15 Years - Benzinga,Neutral,0
ORCL,03-03-2025,Oracle Sets the Date for its Third Quarter Fiscal Year 2025 Earnings Announcement - Oracle - Investor Relations,Neutral,0
ORCL,07-03-2025,Oracle (ORCL) Stock Ready to Dissuade the Doubters in Next Week’s Earnings Call - TipRanks,Positive,0.0516
ORCL,01-04-2025,Is Oracle Stock a Buy Now? - MSN,Neutral,0
ORCL,19-03-2025,"Microsoft, Google, Oracle Deepen Nvidia Partnerships. This Stock Got the Biggest GTC Boost. - Barron's",Positive,0.4019
ORCL,28-03-2025,Where Will Oracle Stock Be in 3 Years? - The Motley Fool,Negative,-0.4404
ORCL,25-03-2025,Oracle's New Grid Management Tech Powers 61M Customers: Game-Changing Features Revealed - Stock Titan,Neutral,0
ORCL,19-03-2025,Prediction: 2 Stocks That Will Be Worth More Than Oracle 2 Years From Now - The Motley Fool,Negative,-0.25
ORCL,19-02-2025,Buy Oracle Stock During This AI Boom? - Forbes,Neutral,0
ORCL,11-03-2025,Oracle Stock Drops After Software Company's Earnings Disappoint - WSJ,Negative,-0.4019
ORCL,28-02-2025,How Is Oracle's Stock Performance Compared to Other Software Stocks? - Nasdaq,Neutral,0
ORCL,11-03-2025,Oracle’s Strong Backlog Is Being Overlooked. Why the Stock Is Down. - Barron's,Positive,0.4939
ORCL,02-04-2025,Better AI Stock: Amazon vs. Oracle - The Motley Fool,Positive,0.1779
ORCL,21-03-2025,Insider Purchase: Director at $ORCL Buys 780 Shares - Nasdaq,Positive,0.296
ORCL,28-02-2025,Is Oracle Stock a Buy? - Nasdaq,Neutral,0
ORCL,11-03-2025,Is Oracle Stock a Buy? - The Motley Fool,Negative,-0.4404
ORCL,18-03-2025,Oracle Revolutionizes Java: AI Powers Next-Gen Development in Version 24 - Stock Titan,Neutral,0
ORCL,13-03-2025,"Why Is Oracle Stock Falling, and Is It a Buying Opportunity? - The Motley Fool",Negative,-0.1779
ORCL,21-03-2025,Stock-Split Watch: Is Oracle Next? - The Motley Fool,Negative,-0.4404
ORCL,18-03-2025,Oracle Supercharges Cloud Platform with NVIDIA AI Enterprise Integration - Stock Titan,Neutral,0
ORCL,27-03-2025,Oracle's AI-Enhanced Procurement Suite Clinches Top Spot in Prestigious Gartner Report - Stock Titan,Positive,0.2023
ORCL,18-03-2025,Oracle Unleashes 160+ NVIDIA AI Tools for Enterprise Cloud Computing - Stock Titan,Neutral,0
ORCL,11-03-2025,"Can Oracle (ORCL) Stock Rebound on Trump’s AI Plan, After 8.5% Drop on Weak Earnings? - FXLeaders",Negative,-0.6124
ORCL,06-02-2025,Oracle Stock: Is Wall Street Bullish or Bearish? - Nasdaq,Neutral,0
ORCL,14-03-2025,Oracle and 3 More Software Stocks to Buy Now - Barron's,Neutral,0
ORCL,11-03-2025,Oracle Stock: 5 Reasons This AI Powerhouse Is a Long-Term Buy - Entrepreneur,Neutral,0
ORCL,20-03-2025,Oracle Revolutionizes Workplace Communication: New AI-Powered Platform Transforms Employee Engagement - Stock Titan,Positive,0.4588
ORCL,10-03-2025,Oracle shares turn lower as quarterly revenue miss overshadows cloud deals - MarketWatch,Negative,-0.1531
ORCL,22-03-2025,"Relentless Leadership Drives Oracle Stock's 100,000% Return - Kiplinger",Positive,0.0516
ORCL,22-01-2025,"Mizuho maintains Oracle stock Outperform rating, $210 target - Investing.com India",Neutral,0
ORCL,11-03-2025,Oracle (ORCL) Shares Plunge as Q3 Earnings Miss Despite $130B Cloud Orders - Yahoo Finance,Positive,0.1531
ORCL,19-02-2025,What Does Oracle Corporation's (NYSE:ORCL) Share Price Indicate? - simplywall.st,Positive,0.296
ORCL,11-03-2025,Oracle won some big cloud contracts. Here’s why its stock is falling. - MarketWatch,Positive,0.4767
ORCL,24-03-2025,Is It Time To Buy Oracle Stock? - It Looks Cheap To Value Investors - Barchart.com,Positive,0.34
ORCL,19-02-2025,Oracle stock analysis: What will Oracle stock be worth in 2025? - Markets.com,Positive,0.2263
ORCL,26-02-2025,"Is ORCL Stock a Buy, Sell or Hold at an EV/EBITDA Multiple of 21.89X? - Nasdaq",Neutral,0
ORCL,11-03-2025,Oracle stock holds Perform rating after F3Q results - Investing.com,Neutral,0
ORCL,10-03-2025,5 Things to Know Before the Stock Market Opens - Investopedia,Neutral,0
ORCL,04-03-2025,Earnings Preview: Oracle (ORCL) leverages AI power to fast-track growth - AlphaStreet,Positive,0.3818
ORCL,19-02-2025,Oracle Stock Price In 5 Years: ORCL Remains Buy Despite Disappointing Earnings - CCN.com,Positive,0.3875
ORCL,06-03-2025,Software Stock Flashing Bull Signal Before Earnings - Forbes,Neutral,0
ORCL,02-04-2025,Is Oracle Corp. (ORCL) the Best Data Storage Stock to Invest in According to Analysts? - Insider Monkey,Positive,0.6369
ORCL,11-03-2025,Cantor Fitzgerald cuts Oracle stock price target to $175 - Investing.com India,Negative,-0.296
ORCL,07-03-2025,Oracle’s Earnings Will Prove Its AI Worth. Buy the Stock. - Barron's,Positive,0.2263
ORCL,31-01-2025,Oracle (ORCL) Stock Moves -0.19%: What You Should Know - Yahoo Finance,Neutral,0
ORCL,23-03-2025,Prediction: Oracle Stock Could Surge by 200% in the Next 5 Years - Yahoo Finance,Neutral,0
ORCL,11-03-2025,Oracle stock gives investors whiplash as Larry Ellison touts AI 'hypergrowth' but earnings fall short - Yahoo Finance,Neutral,-0.0129
ORCL,25-03-2025,Oracle Stock (ORCL) Slips as it Warns of Billion Dollar Blow Unless Biden AI Act is Scrapped - TipRanks,Negative,-0.1027
ORCL,20-03-2025,Oracle Unleashes Game-Changing AI Agent Studio With 50+ Pre-Built Agents - Stock Titan,Neutral,0
ORCL,28-02-2025,Is Oracle Stock a Buy? - The Motley Fool,Negative,-0.4404
ORCL,20-03-2025,Oracle and Microsoft Azure Join Forces: Inside Lloyds Banking's Game-Changing Cloud Strategy - Stock Titan,Positive,0.296
ORCL,07-03-2025,"UBS maintains Oracle stock Buy rating, $210 target ahead of Q3 results - Investing.com",Neutral,0
ORCL,11-03-2025,DA Davidson maintains Oracle stock neutral with $150 target - Investing.com India,Neutral,0
ORCL,11-03-2025,Oracle Stock Drops After Earnings Miss. It Is Making Big Cloud Deals. - Barron's,Negative,-0.1531
ORCL,11-03-2025,Oracle Corporation (ORCL): Among Stocks With At Least $30 Million In Insider Sales Recently - Yahoo Finance,Neutral,0
ORCL,14-03-2025,Jim Cramer on Oracle Corporation (ORCL): Delivers Strong Numbers – But Is a Recession Coming? - Yahoo Finance,Negative,-0.3716
ORCL,11-03-2025,Oracle stock price target cut to $190 by Piper Sandler - Investing.com India,Negative,-0.2732
ORCL,11-03-2025,5 Things to Know Before the Stock Market Opens - Investopedia,Neutral,0
ORCL,12-03-2025,Here’s What Reaccelerate Oracle Corporation’s (ORCL) Growth - Yahoo Finance,Positive,0.3818
ORCL,20-12-2024,Oracle Downgraded To Sell On 'Surprisingly Uninspiring' Results After AI-Fueled Rally - Investor's Business Daily,Positive,0.296
ORCL,11-03-2025,"Oracle Stock Stumbles on Q3 Earnings Miss, Revenues Rise Y/Y - Yahoo Finance",Negative,-0.1531
ORCL,19-03-2025,Oracle Cloud Powers Ultra-Secure Mattermost Platform Used by NASA and US Defense - Stock Titan,Positive,0.128
ORCL,13-03-2025,"TSLA, PLTR and ORCL Forecast – Major NASDAQ Stocks Mixed Early Thursday - FXEmpire",Neutral,0
ORCL,21-03-2025,"Oracle Up 18.4% in a Year: Buy, Sell or Hold the Stock? - Nasdaq",Neutral,0
ORCL,11-03-2025,"KeyBanc maintains Oracle stock Overweight, $200 target - Investing.com India",Negative,-0.3612
ORCL,12-12-2024,How to Play Oracle Stock (ORCL) with Options Strategies - Yahoo Finance,Positive,0.34
ORCL,31-03-2025,Will Palantir (PLTR) and Oracle Stock Extend Crash Amid Pentagon-DOJ Budget Cuts? - FXLeaders,Negative,-0.4939
ACN,20-03-2025,"Accenture Stock Sinks as Profit Falls Short, CEO Says Government Sales Slowing - Investopedia",Positive,0.4404
ACN,20-03-2025,"Accenture Earnings, Revenue Edge By Fiscal Q2 Estimates - Investor's Business Daily",Neutral,0
ACN,01-04-2025,Game-Changing Partnership: Accenture Unveils Next-Gen Industrial Robots with NVIDIA and Microsoft - Stock Titan,Neutral,0
ACN,20-02-2025,Accenture (ACN) Registers a Bigger Fall Than the Market: Important Facts to Note - Nasdaq,Positive,0.2023
ACN,01-04-2025,Accenture plc (ACN): Among the Best Consulting Stocks to Buy According to Hedge Funds - Yahoo Finance,Positive,0.6369
ACN,28-02-2025,$100 Invested In Accenture 10 Years Ago Would Be Worth This Much Today - Benzinga,Positive,0.2263
ACN,20-03-2025,Why Accenture Stock Tumbled on Thursday - The Motley Fool,Negative,-0.4404
ACN,20-03-2025,ACN Earnings: Accenture Stock Tumbles on Weak 2025 Guidance - TipRanks,Negative,-0.4404
ACN,18-03-2025,What Analysts Think of Accenture Stock Ahead of Earnings - Investopedia,Neutral,0
ACN,31-03-2025,"7,000-Strong Digital Factory Alliance: Accenture and Siemens Transform Manufacturing - Stock Titan",Neutral,0
ACN,03-03-2025,Accenture (ACN) Stock Moves -1.01%: What You Should Know - Nasdaq,Neutral,0
ACN,27-03-2025,Accenture plc (ACN) Stock Target Trimmed After Q2—Analyst Still Sees Long-Term Upside - Yahoo,Neutral,0
ACN,03-02-2025,"Accenture Stock: Buy, Sell, or Hold? - The Motley Fool",Negative,-0.4404
ACN,20-03-2025,"S&P 500 Gains and Losses Today: Accenture, Gartner Stocks Pressured by Government Spending Cuts - Investopedia",Negative,-0.5267
ACN,31-03-2025,Accenture (NYSE:ACN) Expands Siemens Alliance To Revolutionize Engineering And Manufacturing Solutions - Yahoo Finance,Positive,0.2732
ACN,27-02-2025,Accenture PLC (ACN) Is a Trending Stock: Facts to Know Before Betting on It - Nasdaq,Neutral,0
ACN,18-03-2025,Accenture's Game-Changing AI Platform Delivers 25X Faster Enterprise Processing - Stock Titan,Neutral,0
ACN,20-03-2025,"Markets News, March 20, 2025: Stocks Close Slightly Lower as Rebound Rally Stumbles; Accenture Plunges as Government Spending Cuts Weigh on Revenue - Investopedia",Negative,-0.4779
ACN,31-03-2025,Is Accenture plc (ACN) the Most Oversold Large Cap Stock to Invest in Now? - Yahoo,Neutral,0
ACN,20-03-2025,"Top Stock Movers Now: Darden Restaurants, Jabil, Accenture, and More - Investopedia",Positive,0.2023
ACN,24-01-2025,Accenture (ACN) Stock Moves -0.23%: What You Should Know - Yahoo Finance,Neutral,0
ACN,21-03-2025,"Accenture (NYSE:ACN) Announces US$1.48 Dividend, Buyback Update Despite 5% Share Price Dip - Yahoo Finance",Negative,-0.2235
ACN,31-03-2025,Why Accenture Stock Raced Higher Today - The Motley Fool,Negative,-0.4404
ACN,20-03-2025,Accenture Earnings Reveal Massive $1.4B GenAI Breakthrough as Revenue Surges 8.5% - Stock Titan,Neutral,0
ACN,27-03-2025,Here is What to Know Beyond Why Accenture PLC (ACN) is a Trending Stock - Nasdaq,Neutral,0
ACN,11-03-2025,Accenture Targets $200B Data Center Market With Strategic Soben Deal - Stock Titan,Neutral,0
ACN,20-03-2025,Accenture stock sinks following Q2 results on government spending worries - Investing.com,Negative,-0.4215
ACN,14-03-2025,Warren Buffett Detailed Fundamental Analysis - ACN - Nasdaq,Neutral,0
ACN,13-03-2025,Accenture Tackles AI Privacy Challenge: Strategic Investment in Confidential Computing Pioneer OPAQUE - Stock Titan,Positive,0.0772
ACN,11-02-2025,Are Wall Street Analysts Predicting Accenture Stock Will Climb or Sink? - Nasdaq,Neutral,0
ACN,20-03-2025,ACCENTURE Earnings Results: $ACN Reports Quarterly Earnings - Nasdaq,Neutral,0
ACN,13-02-2025,Is Accenture plc (ACN) the Best Large Cap Dividend Growth Stock to Buy Now? - Yahoo Finance,Positive,0.7783
ACN,31-01-2025,What to Expect From Accenture’s Q2 2025 Earnings Report - Nasdaq,Neutral,0
ACN,18-03-2025,Accenture plc (ACN): Among the Best European Stocks to Buy According to Billionaires - Yahoo Finance,Positive,0.6369
ACN,21-02-2025,Accenture's GenAI Strategy Is Catching A Cold (Rating Downgrade) - Seeking Alpha,Neutral,0
ACN,23-03-2025,Accenture (ACN) Introduces AI Agent Builder to Scale Enterprise AI - Yahoo Finance,Neutral,0
ACN,12-03-2025,Accenture-CrowdStrike Alliance Promises 60% SecOps Efficiency Boost with AI-Powered Security - Stock Titan,Positive,0.8481
ACN,28-03-2025,Why Are Analysts Bullish on Accenture (ACN) for 2025? - Yahoo Finance,Neutral,0
ACN,24-03-2025,Is Accenture Stock Going to $364? 1 Wall Street Analyst Thinks So. - The Motley Fool,Negative,-0.4877
ACN,07-01-2025,Why Accenture (ACN) Stock is Rising Today - GuruFocus,Neutral,0
ACN,18-02-2025,Can This Accenture Joint Venture Solve Japan's $2.3T Infrastructure Crisis? - Stock Titan,Negative,-0.5106
ACN,31-01-2025,Is It Time To Consider Buying Accenture plc (NYSE:ACN)? - simplywall.st,Neutral,0
ACN,17-03-2025,Accenture Pre-Q2 Earnings: Is the Stock a Portfolio Must-Have? - Zacks Investment Research,Neutral,0
ACN,02-12-2024,Accenture (ACN) Stock Declines While Market Improves: Some Information for Investors - Yahoo Finance,Positive,0.4215
ACN,07-02-2025,"Accenture CEO-the Americas sells $842,532 in stock - Investing.com India",Neutral,0
ACN,06-03-2025,"Goldman Sachs maintains Accenture buy rating, $430 target - Investing.com",Neutral,0
ACN,16-12-2024,What Analysts Think of Accenture Stock Ahead of Earnings - Investopedia,Neutral,0
ACN,18-03-2025,Accenture Q2 Preview: Long-Term Growth Remains Unchanged (NYSE:ACN) - Seeking Alpha,Positive,0.3818
ACN,13-02-2025,Accenture (ACN) Gains But Lags Market: What You Should Know - Nasdaq,Negative,-0.3716
ACN,06-02-2025,Investors Heavily Search Accenture PLC (ACN): Here is What You Need to Know - Yahoo Finance,Neutral,0
ACN,26-12-2024,Accenture PLC (ACN) Is a Trending Stock: Facts to Know Before Betting on It - Yahoo Finance,Neutral,0
ACN,25-11-2024,Do You Think The Market Is Undervaluing Accenture (ACN)? - Yahoo Finance,Neutral,0
ACN,20-03-2025,Headwinds? No Problem! Accenture Keeps Winning Big With AI (NYSE:ACN) - Seeking Alpha,Negative,-0.2003
ACN,17-09-2024,Accenture Stock Drops as Consultancy Firm Delays Staff Promotions - Investopedia,Neutral,0
ACN,12-03-2025,Accenture (ACN) Stock Dips While Market Gains: Key Facts - Yahoo,Positive,0.34
ACN,27-02-2025,Can Accenture Solve the AI Readiness Crisis? New Workhelix Partnership Targets the 65% Knowledge Gap - Stock Titan,Negative,-0.3182
ACN,02-12-2024,Is Accenture Stock Underperforming the Nasdaq? - Nasdaq,Neutral,0
ACN,21-03-2025,"DOGE Will Keep the Pressure on Accenture Stock, Analysts Say - Barron's",Negative,-0.296
ACN,03-02-2025,"Accenture Stock: Buy, Sell, or Hold? - Mitrade",Neutral,0
ACN,25-03-2025,"Accenture (ACN): ""I Think You Should Buy It!"" – Jim Cramer’s Bold Call on This IT Giant - Yahoo Finance",Positive,0.4389
ACN,21-03-2025,Accenture Shares Drop After Warning on U.S. Federal Spending Cuts - Yahoo Finance,Negative,-0.5423
ACN,24-03-2025,"Accenture (ACN)’s Managed Services Expected to Drive Growth, Analysts Bullish - Yahoo Finance",Positive,0.3818
ACN,17-09-2024,Why Accenture Stock Tumbled Today - The Motley Fool,Negative,-0.4404
ACN,04-03-2025,When Will Accenture Reveal Q2 2025 Results? Key Date for Investors - Stock Titan,Neutral,0
ACN,06-01-2025,Is Accenture plc (NYSE:ACN) the Best January Dividend Stock to Buy? - Yahoo Finance,Positive,0.6369
ACN,04-03-2025,How Accenture's Latest AI Investment Could Revolutionize Consumer Behavior Prediction - Stock Titan,Neutral,0
ACN,24-03-2025,Is Accenture plc (ACN) the Best Predictive Analytics Stock to Buy According to Analysts? - Yahoo,Positive,0.6369
ACN,20-03-2025,Accenture (ACN) Misses Q2 Earnings Estimates - Nasdaq,Negative,-0.2263
ACN,19-12-2024,Accenture Stock Surges as Earnings Top Estimates and AI Bookings Grow - Investopedia,Positive,0.2023
ACN,17-03-2025,Accenture (ACN) to report Q2 2025 results Thursday. Here’s what to expect - AlphaStreet,Neutral,0
ACN,12-02-2025,Accenture plc (ACN): Among the Large-Cap Stocks Insiders Are Selling Recently - Yahoo Finance,Neutral,0
ACN,17-03-2025,"Jim Cramer Calls This Stock A 'Meme Stock,' Recommends Buying Accenture - Benzinga",Positive,0.2263
ACN,26-09-2024,Accenture Earnings Top Estimates Amid Strong Bookings - Investor's Business Daily,Positive,0.6249
ACN,03-03-2025,Is Accenture Stock Underperforming The Dow? - Barchart.com,Neutral,0
ACN,22-02-2025,39% Of This Accenture Insider's Holdings Were Sold - simplywall.st,Neutral,0
ACN,20-03-2025,"Accenture, FedEx And 3 Stocks To Watch Heading Into Thursday - Benzinga",Neutral,0
ACN,26-03-2025,New Analyst Forecast: $ACN Given $355.0 Price Target - Nasdaq,Neutral,0
ACN,28-12-2024,"With 79% ownership, Accenture plc (NYSE:ACN) boasts of strong institutional backing - simplywall.st",Positive,0.5267
ACN,29-01-2025,Is Accenture plc (ACN) Among Kevin O’Leary’s Stock Picks for 2025? - Yahoo Finance,Neutral,0
ACN,03-11-2024,Accenture plc's (NYSE:ACN) Price Is Out Of Tune With Earnings - simplywall.st,Neutral,0
ACN,05-03-2025,Accenture plc (ACN): Enhancing AI Capabilities with Halfspace Acquisition - Yahoo Finance,Neutral,0
ACN,10-03-2025,Government Contract Update: $4M payment to ACCENTURE FEDERAL SERVICES LLC - Nasdaq,Neutral,0
ACN,12-12-2024,Accenture (ACN) Reports Next Week: Wall Street Expects Earnings Growth - Nasdaq,Positive,0.3818
ACN,26-03-2025,This S&P 500 Stock Is Falling Prey to DOGE Budget Cuts and Contract Cancelations. Should You Sell It Now? - TradingView,Negative,-0.4215
ACN,25-11-2024,Why Accenture (ACN) Outpaced the Stock Market Today - Yahoo Finance,Neutral,0
ACN,09-11-2024,Is Wall Street Bullish or Bearish on Accenture Stock? - TradingView,Neutral,0
ACN,07-02-2025,What's Going On With Accenture Stock Today? - Benzinga,Neutral,0
ACN,14-03-2025,Accenture's Game-Changing AI Partnership Transforms Enterprise Hiring: What's Inside the New Talent Platform - Stock Titan,Positive,0.4215
ACN,31-01-2025,Why the Market Dipped But Accenture (ACN) Gained Today - Yahoo Finance,Positive,0.5267
ACN,06-12-2024,Accenture plc's (NYSE:ACN) Recent Stock Performance Looks Decent- Can Strong Fundamentals Be the Reason? - simplywall.st,Positive,0.5106
ACN,24-01-2025,ACN: 3 AI & Data Analytics Stocks Turning Information into Profit - StockNews,Positive,0.4404
ACN,04-03-2025,How Accenture's Latest Strategic Acquisition Strengthens Its Insurance Market Position - Stock Titan,Positive,0.4588
ACN,03-03-2025,Accenture plc (ACN) Invests in Workhelix to Boost AI Workforce Transformation Capabilities - Yahoo Finance,Positive,0.4019
ACN,06-02-2025,"Accenture's chief accounting officer sells $91,513 in stock - Investing.com",Neutral,0
ACN,21-03-2025,Barclays remains buyer of Accenture on weakness - Yahoo Finance,Negative,-0.4215
ACN,07-01-2025,Why Nvidia Is Pushing Accenture Stock Higher Today - Yahoo Finance,Neutral,0
ACN,26-09-2024,Watch These Accenture Stock Price Levels After Post-Earnings Jump - Investopedia,Neutral,0
ACN,19-03-2025,Accenture (ACN) Is About to Report Its Earnings Tomorrow. Here Is What to Expect - The Globe and Mail,Neutral,0
ACN,04-03-2025,$1000 Invested In This Stock 10 Years Ago Would Be Worth This Much Today - Accenture (NYSE:ACN) - Benzinga,Positive,0.2263
INFY,01-04-2025,Infosys down 3% today; should you buy this stock ahead of Q4 results on April 17? - Business Today,Neutral,0
INFY,12-03-2025,"Infosys shares fall 3% after Morgan Stanley downgrades, cuts target price - The Economic Times",Neutral,0
INFY,13-03-2025,"Stocks to watch: Infosys, BEL, Ola Electric, Vedanta, NHPC among shares to remain in focus today - Mint",Positive,0.296
INFY,02-04-2025,Infosys share price rises after partnership with Formula E - Upstox,Positive,0.296
INFY,12-03-2025,Infosys shares down 5% to eight-month low on downgrades over tariff uncertainty - Moneycontrol,Negative,-0.3182
INFY,17-03-2025,Infosys has plunged 16% in 2025: 5 key factors investors need to know ahead of Q4 earnings - financialexpress.com,Neutral,0
INFY,12-03-2025,Why Infosys Share Price is Falling - Equitymaster,Positive,0.1531
INFY,31-03-2025,Is Infosys Limited (INFY) the Most Oversold Large Cap Stock to Invest in Now? - Yahoo Finance,Negative,-0.2263
INFY,12-03-2025,Infosys Shares Slump 5% Following Morgan Stanley Downgrade and Price Target Cut - Groww,Neutral,0.0258
INFY,11-03-2025,"Infosys shares tank 3%, down 12% in a month; what's hurting the stock - Business Today",Negative,-0.128
INFY,24-02-2025,Layoffs impact: Infy stock sinks below 200-DMA after 8 months; what next? - Business Standard,Neutral,0
INFY,12-03-2025,"Infosys shares decline almost 4% after Morgan Stanley downgrades stock, cuts target price - Mint",Neutral,0
INFY,20-03-2025,"Infy, TCS, HCL Tech: Are IT stocks due for a rebound? Charts say this - Business Standard",Neutral,0
INFY,13-03-2025,Infosys share price dips after JP Morgan’s downgrade; promoter Shruti Shibulal acquires company shares worth ₹469 crore - Mint,Positive,0.7804
INFY,12-03-2025,"Nifty IT tanks 3%; Wipro, Infy slide up to 6% on Motilal Oswal downgrade - Business Standard",Positive,0.4019
INFY,13-03-2025,"Infosys, other IT stocks bleed for 5th straight session over US discretionary spending worries - Moneycontrol",Negative,-0.2263
INFY,13-03-2025,"Infosys valuations fall below peers TCS, HCLTech post recent share price fall - CNBC TV18",Positive,0.296
INFY,12-03-2025,Infosys promoter Shruti Shibulal buys shares worth ₹494 crore amid IT stocks slump - CNBC TV18,Positive,0.4767
INFY,12-03-2025,"Infosys, Wipro, Coforge, TCS, KPIT shares drop up to 6% today; stocks to buy - Business Today",Neutral,0.0258
INFY,12-03-2025,"Stocks to watch: Bharti Airtel, Infosys, PB Fintech, RVNL, TCS among shares to remain in focus today - Mint",Positive,0.296
INFY,12-03-2025,Infosys block deal on March 12: Former CEO’s daughter Shruti Shibulal acquires 29.84 lakh shares for ₹469 crore - Mint,Negative,-0.1779
INFY,19-03-2025,"TCS, Infosys, HCLTech: Why major IT stocks are falling today - India Today",Negative,-0.1531
INFY,11-03-2025,"Infosys share price falls 5% as Morgan Stanley raises concerns over growth outlook, stretched valuations; check what it says - Upstox",Positive,0.5859
INFY,13-03-2025,Ex-CEO's daughter Shruti Shibulal ups Infosys stake with ₹469 cr share buy - Business Standard,Positive,0.296
INFY,12-03-2025,"Infosys stock crash leaves investors poorer by over Rs 29,000 crore after Morgan Stanley downgrade, target cut - Zee Business",Negative,-0.743
INFY,12-03-2025,Tech shares at eight-month low as Morgan Stanley cites risk to growth - Moneycontrol,Positive,0.1531
INFY,13-03-2025,"Stocks to Watch Today, March 13: Tata Motors, Infy, Ola, BEL, BEML, Zinka - Business Standard",Neutral,0
INFY,31-03-2025,"Infosys (INFY) Loses -9.6% in 4 Weeks, Here's Why a Trend Reversal May be Around the Corner - Yahoo Finance",Negative,-0.3182
INFY,20-03-2025,"Infosys, HCL Tech, LTIMindtree, TCS, Coforge: IT shares top gainers today; here's why - Business Today",Positive,0.4588
INFY,07-03-2025,Infosys Share Price Highlights: Infosys Stock Price History - The Economic Times,Positive,0.296
INFY,19-03-2025,"TCS, Infosys, Other IT Stocks In Red After Citi Downgrade - NDTV Profit",Positive,0.4404
INFY,07-03-2025,Infosys stock rating raised to Outperform at CLSA - Investing.com India,Neutral,0
INFY,17-01-2025,Infosys shares slide 5% after Q3 earnings. What should investors do? - The Economic Times,Positive,0.296
INFY,17-03-2025,"Infosys Share Price Today Highlights, 17 Mar, 2025: Infosys closes on a positive note - financialexpress.com",Positive,0.7003
INFY,12-03-2025,"Infosys, TCS, Wipro: Why are major IT stocks falling today? - India Today",Negative,-0.1531
INFY,17-03-2025,"Coforge, IndiGo Replace Infosys And M&M In Morgan Stanleys 10-Stock Watchlist - NDTV Profit",Positive,0.4404
INFY,13-03-2025,TCS Vs Infosys: Morgan Stanley's surprising pick and why - Market News - financialexpress.com,Positive,0.2732
INFY,20-03-2025,"Infosys, TCS, HCLTech gain up to 2%: Why are IT stocks rising today? - India Today",Positive,0.5267
INFY,12-03-2025,"Coforge, TechM, Infosys, TCS: Morgan Stanley cuts targets for IT stocks amid risks to valuation multiples - Business Today",Negative,-0.5106
INFY,16-01-2025,India's Infosys shares fall on worries about quality of earnings - Reuters,Negative,-0.1531
INFY,14-03-2025,"Reliance, Infosys to SBI — 75 large-cap stocks in bear grip as market selloff deepens - Mint",Neutral,0
INFY,17-03-2025,Stocks To Watch: From IndusInd Bank to Infosys- Here’s a list of 11 stocks in news today - financialexpress.com,Neutral,0
INFY,12-03-2025,Nifty IT at 9-month low; brokerages flag weak earnings outlook for sector - Business Standard,Negative,-0.3182
INFY,10-03-2025,"TCS, Infosys, Wipro, Tech Mahindra, LTIMindtree shares fall up to 19% on Trump tariffs; here are fresh price targets - Business Today",Positive,0.5423
INFY,17-01-2025,"Why Infosys shares plunged 6% today despite Q3 beat, FY25 guidance upgrade - Business Today",Positive,0.296
INFY,19-03-2025,"Infosys, LTIMindtree, TCS, Tech Mahindra, Coforge shares fall amid market rally today; here's why - Business Today",Positive,0.296
INFY,13-03-2025,"Shruti Shibulal, ex Infosys CEO's daughter, buys ₹469 crore of company's shares - Hindustan Times",Positive,0.296
INFY,12-03-2025,"Narayana Murthy, family take Rs 6,875 cr hit as Infosys shares enter bear territory - Business Today",Positive,0.296
INFY,17-01-2025,"Infosys share price cracks 5% after Q3 results, following overnight fall in Infosys ADR - Mint",Positive,0.296
INFY,11-03-2025,Shruti Shibulal buys Infosys shares worth Rs 494 crore - The Economic Times,Positive,0.4767
INFY,27-03-2025,Infosys Secures 5-Year Digital Transformation Deal for Pan-European HR Platform - Stock Titan,Positive,0.3182
INFY,21-03-2025,"TCS, Infosys, Wipro, HCL Tech, TechM: Key takeaways from Accenture Q2 earnings - Business Today",Neutral,0
INFY,12-03-2025,Shruti Shibulal buys Infosys shares for Rs 469 crore - The Economic Times,Positive,0.296
INFY,25-03-2025,"Jefferies cuts Infosys stock price target to INR1,835, maintains buy - Investing.com India",Negative,-0.296
INFY,13-03-2025,"TCS, Infosys, Wipro, Tech Mahindra, Coforge shares under bear attack: Price targets, growth outlook & more - Business Today",Positive,0.1779
INFY,19-03-2025,"TCS, Infosys among 5 stocks with short buildup - The Economic Times",Neutral,0
INFY,11-03-2025,Infosys among other IT stocks slide up to 4% as recession fears weigh on US market - The Economic Times,Negative,-0.6808
INFY,29-03-2025,"32% target price slash! Goldman flags big risks for TCS, Infosys & other IT stocks amid US worries - The Economic Times",Negative,-0.7424
INFY,12-03-2025,"Meet woman, who bought Rs 4940000000 shares in Narayana Murthy's Infosys, she is..., her father is.... - India.Com",Positive,0.296
INFY,17-01-2025,"Infosys shares tank 6% amid likely weak Q4, uncertainty over wage hike impact - Moneycontrol",Negative,-0.4767
INFY,31-03-2025,Infosys: Well-Positioned To Support The Next Wave Of Digital Transformation (NYSE:INFY) - Seeking Alpha,Positive,0.4019
INFY,11-03-2025,"Infosys, Wipro, LTIMindtree, TCS, Coforge, Mphasis, Zensar shares tumble up to 5% today, here's why - Business Today",Positive,0.296
INFY,12-03-2025,"Morgan Stanley prefers TCS over Infosys, cuts price targets of four other stocks - CNBC TV18",Negative,-0.296
INFY,13-03-2025,"Stocks to Watch Today: Infosys, BEML, Jubilant Pharmova, Bharat Electronics, NACL Industries, Yatra... - Moneycontrol",Positive,0.6124
INFY,11-03-2025,"Why are IT stocks like Infosys, Wipro selling off in Tuesday's trade — Explained - CNBC TV18",Positive,0.3612
INFY,12-03-2025,"Narayana Murthy and family’s fortune plunges by ₹6,875 crore as Infosys shares sink’ - Fortune India",Positive,0.296
INFY,07-03-2025,"Stocks to Watch: Indigo, Infosys, Blue Star, Biocon, Britannia, 63 Moons - Business Standard",Neutral,0
INFY,17-01-2025,Explained: Why Infosys share price tumbled over 5% after strong Q3 results - India Today,Positive,0.6705
INFY,15-03-2025,"Bad news for Infosys as Narayana Murthy's company loses Rs 44227 crore due to...., ICICI Bank.... - India.Com",Negative,-0.7003
INFY,13-03-2025,"Holi Stock Picks 2025: Infosys, Bajaj Finance, BEL, Tata Motors among analysts' top picks - Zee Business",Positive,0.2023
INFY,16-01-2025,"Infosys Q3 Results Highlights: Infosys pre-market ADR down 1%; Profit up 11% at Rs 6,806 cr, revenue up 8... - The Economic Times",Positive,0.4404
INFY,12-03-2025,Infosys slumps after broker downgrade - Business Standard,Neutral,0
INFY,14-03-2025,Infosys reaches $17.5 million settlement for McCamish cyber incident lawsuits - CNBC TV18,Negative,-0.1027
INFY,17-01-2025,Why is Infosys falling? 4 factors worrying investors are… - financialexpress.com,Negative,-0.4588
INFY,11-03-2025,"Infosys, Wipro, other IT stocks tank sharply as uncertainty on Trump's tariffs sours sentiment - Moneycontrol",Negative,-0.34
INFY,10-03-2025,Infosys Shares Rise As CLSA Upgrades It To Outperform - NDTV Profit,Positive,0.6249
INFY,16-01-2025,"Infosys Q3 Results Highlights: Profit jumps 11.4% YoY to ₹6,806 crore; IT major raises FY25 revenue guidance | Stock Market News - Mint",Positive,0.4404
INFY,02-04-2025,Infosys and Formula E Launch AI-Powered Stats Center to Boost Fan Engagement - MarketScreener,Positive,0.7906
INFY,27-03-2025,"Stocks to watch, March 27: Auto stocks, Infosys, NBCC, Ashok Leyland, BSE, JB Chemicals, Wipro, and more - Upstox",Neutral,0
INFY,19-03-2025,"Wipro, Infosys, LTTS, Mphasis: IT stocks rally, NIFTY IT index up 1% amid positive global cues; what experts say on sector outlook - Upstox",Positive,0.7925
INFY,19-02-2025,"TCS, Infosys, other IT stocks fall up to 3% amid uncertainty over Trump tariffs - Moneycontrol",Negative,-0.34
INFY,06-03-2025,"TCS, Infosys, HCL Tech, Tech Mahindra, Wipro stocks: JM Financial shares price targets amid Trump tariffs effect - Business Today",Positive,0.296
INFY,12-03-2025,"IndusInd Bank, Infosys, IT stocks, PB Fintech, SEPC Ltd, Nykaa, Zomato: Check top buzzing stocks of the day - Upstox",Positive,0.2023
INFY,04-03-2025,"Buy Infosys, target price Rs 2,200: JM Financial - The Economic Times",Neutral,0
INFY,13-03-2025,"Top stocks to watch: Infosys, BEL, Vedanta, BEML, Ola Electric, NHPC, NPTC Green & Zydus Life - Business Today",Positive,0.2023
INFY,12-03-2025,"Infosys, HCL Tech, Wipro shares plunge; here’s why IT shares are falling - Upstox",Positive,0.4215
INFY,21-03-2025,"Accenture, Wipro, Infosys, TCS Stocks Updates: Infosys & Wipro down 1%, TCS ends flat - BusinessLine",Neutral,0
INFY,12-03-2025,Infosys share price falls despite promoter buying stock worth ₹470 crore and rally in US tech stocks - Upstox,Positive,0.4767
INFY,15-01-2025,Here are 6 things you need to know about Infosys shares ahead of Q3 earnings - financialexpress.com,Positive,0.296
INFY,12-03-2025,Major AI Banking Breakthrough: Infosys and Citizens Achieve 90% Automation in Digital Push - Stock Titan,Neutral,0
INFY,15-03-2025,Infosys agrees to pay $17.5 million to settle lawsuits over US cyber incident - India Today,Negative,-0.0516
SAP,02-04-2025,Is SAP SE (SAP) the Best German Stock to Buy According to Hedge Funds? - Yahoo Finance,Positive,0.6369
SAP,25-03-2025,Software giant SAP becomes Europe's most valuable firm amid German stock market boom - CNBC,Positive,0.5256
SAP,01-04-2025,SAP share-price surge may have a short shelf life - TradingView,Neutral,0
SAP,24-03-2025,SAP leapfrogs Novo Nordisk to become Europe’s most valuable company - Financial Times,Positive,0.5256
SAP,24-03-2025,SAP overtook Novo Nordisk to become Europe's most valuable company - Euronews.com,Positive,0.5256
SAP,28-01-2025,SAP Announces Q4 and FY 2024 Results - SAP News Center,Neutral,0
SAP,25-03-2025,SAP Overtakes Novo Nordisk to Become Europe’s Biggest Stock - Morningstar,Neutral,0
SAP,24-03-2025,"SAP becomes Europe’s most valuable company, ASML holds fourth place - The Next Web",Positive,0.5256
SAP,24-03-2025,Germany’s SAP Overtakes Wegovy Maker Novo Nordisk as Europe’s Most Valuable Company - WSJ,Positive,0.5256
SAP,28-03-2025,Stock Of The Week: Can SAP Stock Continue to Rally? - Morningstar,Neutral,0
SAP,02-04-2025,Nagarro's Major SAP Push: Strategic Takeover Doubles Down on Customer Experience Tech - Stock Titan,Neutral,0
SAP,27-03-2025,US stocks slide lower as Trump's auto tariffs sap sentiment - The Economic Times,Negative,-0.296
SAP,13-02-2025,SAP and Databricks Open a Bold New Era of Data and AI - SAP News Center,Positive,0.3818
SAP,20-03-2025,JPMorgan says pullback in SAP stock creates an attractive buying opportunity - Investing.com,Positive,0.7783
SAP,24-03-2025,Software maker SAP unseats Novo Nordisk as Europe's largest company - Reuters,Neutral,0
SAP,28-01-2025,"SAP Stock Down Despite Guidance Increase. ‘The Bar Is Already Very High,’ CFO Says. - Barron's",Negative,-0.2411
SAP,22-10-2024,SAP Stock Climbs as Earnings Shine. Why That’s Good News for IBM and Oracle. - Barron's,Positive,0.4404
SAP,24-03-2025,"Stock Movers: SAP, RWE, Thales - Bloomberg.com",Neutral,0
SAP,13-02-2025,SAP snared in revenue trap unless it extends legacy ERP support - theregister.com,Positive,0.2263
SAP,04-03-2025,SAP Stock Jumps 32% in Six Months: What Should Investors Do? - Yahoo Finance,Neutral,0
SAP,29-01-2025,Bernstein raises SAP stock price target to $376 on strong Q4 - Investing.com,Positive,0.5106
SAP,20-01-2025,SAP SE (SAP): Why This Mega-cap Stock Could Continue Surging Post 52-week Highs - Yahoo Finance,Neutral,0
SAP,28-01-2025,"CFRA raises SAP stock price target to $280, maintains Hold - Investing.com India",Neutral,0
SAP,24-03-2025,SAP Is Now Europe’s Most Valuable Company - WSJ,Positive,0.5256
SAP,29-03-2025,"Penny stock under Rs 15: Company bags order worth Rs 1,00,00,000 from DTDC Express Ltd - DSIJ",Positive,0.2263
SAP,22-10-2024,SAP Stock Hits Record High as Demand for Its Cloud Products Soars - Investopedia,Negative,-0.128
SAP,23-12-2024,SAP SE's (ETR:SAP) Stock Going Strong But Fundamentals Look Weak: What Implications Could This Have On The Stock? - simplywall.st,Negative,-0.4019
SAP,25-03-2025,Ozempic Maker Novo Nordisk Is No Longer Europe’s Most Valuable Stock. How SAP Took the Crown. - Barron's,Positive,0.2944
SAP,17-03-2025,SAP set to introduce AI agent service in Japan - Nikkei - Investing.com India,Neutral,0
SAP,28-02-2025,Asian shares echo US drop as tariffs sap sentiment - Moneycontrol,Neutral,0.0258
SAP,12-09-2024,SAP Completes Acquisition of WalkMe - SAP News Center,Neutral,0
SAP,21-10-2024,SAP Announces Q3 2024 Results - SAP News Center,Neutral,0
SAP,20-02-2025,SAP Proposes Dividend of €2.35 per Share - PR Newswire,Positive,0.296
SAP,19-02-2025,JMP maintains SAP stock $330 target on growth prospects - Investing.com India,Positive,0.5859
SAP,28-01-2025,"JPMorgan maintains SAP stock with EUR260 target, lauds results - Investing.com India",Neutral,0
SAP,05-01-2025,Is SAP SE (NYSE:SAP) the Hottest Large-Cap Stock Right Now? - Yahoo Finance,Neutral,0
SAP,11-11-2024,Is It Time To Consider Buying SAP SE (ETR:SAP)? - simplywall.st,Neutral,0
SAP,25-03-2025,The Most Valuable European Company Is No Longer Novo Nordisk - Barron's,Positive,0.2944
SAP,17-01-2025,"TD Cowen upgrades SAP stock to Buy, expects valuations to rise on strong growth - Investing.com India",Positive,0.7096
SAP,20-02-2025,Can SAP SE's (ETR:SAP) Weak Financials Pull The Plug On The Stock's Current Momentum On Its Share Price? - Yahoo Finance,Negative,-0.1779
SAP,06-11-2024,"SAP to 'over proportionally' invest, hire in India: CEO Christian Klein - Business Standard",Neutral,0
SAP,30-01-2025,SAP: Multiple Contraction In 2025 Appears Likely - Seeking Alpha,Neutral,0
SAP,11-02-2025,SAP SE (SAP): Among the Best International Dividend Stocks to Buy Now - Yahoo Finance,Positive,0.6369
SAP,17-03-2025,Saputo (TSE:SAP) shareholders have endured a 12% loss from investing in the stock three years ago - Yahoo Finance,Negative,-0.3182
SAP,04-02-2025,SAP's (ETR:SAP) Soft Earnings Are Actually Better Than They Appear - simplywall.st,Positive,0.4404
SAP,22-10-2024,"European shares sag, SAP boosts tech stocks after forecast raise - Reuters",Positive,0.5423
SAP,25-03-2025,Germany’s SAP (SAP) Is Now Europe’s Largest Publicly Traded Company - markets.businessinsider.com,Neutral,0
SAP,29-01-2025,SAP stock price target raised to $330 at JMP Securities - Investing.com,Positive,0.296
SAP,24-03-2025,Is SAP SE (SAP) the Best Predictive Analytics Stock to Buy According to Analysts? - Yahoo,Positive,0.6369
SAP,27-02-2025,SAP CEO gets record $19.8 million payday as AI boosts shares - Fortune,Positive,0.5423
SAP,21-10-2024,"SAP Stock Climbs On Raised 2024 Cloud, Software Outlook - Investor's Business Daily",Neutral,0
SAP,21-10-2024,SAP’s stock rises on fast-growing cloud revenue - SiliconANGLE,Neutral,0
SAP,10-02-2025,Stifel lifts SAP stock price target to EUR300 from EUR265 - Investing.com,Neutral,0
SAP,09-12-2024,SAP cuts 1 in 7 jobs in Germany - report - Investing.com India,Negative,-0.296
SAP,02-04-2025,"Arrowstreet Capital Limited Partnership Purchases 139,647 Shares of SAP SE (NYSE:SAP) - MarketBeat",Positive,0.0772
SAP,03-03-2025,SAP (ETR:SAP) Will Pay A Larger Dividend Than Last Year At €2.35 - simplywall.st,Negative,-0.1027
SAP,07-01-2025,JPMorgan bullish on SAP stock: GenAI exposure and revenue growth fuel upside - Investing.com,Positive,0.3818
SAP,28-01-2025,"SAP sees higher 2025 operating profit, as AI services catch on - Reuters",Positive,0.4404
SAP,04-10-2024,SAP Surges 15% in the Past Six Months: What Lies Ahead for the Stock? - Nasdaq,Negative,-0.4215
SAP,24-03-2025,Software maker SAP unseats Novo Nordisk as Europe’s largest company By Reuters - Investing.com,Neutral,0
SAP,24-01-2025,This ‘Strong Buy’-Rated Stock Could Be an Underrated Quantum Computing Bet - TradingView,Neutral,0
SAP,06-12-2024,SAP Skyrockets 65% YTD: How Should Investors Play the Stock? - Yahoo Finance,Positive,0.34
SAP,27-02-2025,SAP CEO Gets Record €19 Million Payday as AI Boosts Shares - Bloomberg.com,Positive,0.5423
SAP,06-03-2025,"Top Analyst Reports for UnitedHealth, SAP & Toyota Motor - Yahoo Finance",Positive,0.2023
SAP,17-01-2025,"SAP stock rating upgraded at TD Cowen, price target raised - Investing.com",Neutral,0
SAP,25-11-2024,There's Reason For Concern Over SAP SE's (ETR:SAP) Price - simplywall.st,Neutral,0
SAP,28-01-2025,SAP's Cloud Empire Expands: €63.3B Backlog Signals Major Enterprise Tech Shift - Stock Titan,Positive,0.1027
SAP,13-02-2025,Share Market Update – Sap Share Price Target 2025 - ldccbank,Positive,0.5267
SAP,13-02-2025,SAP and Databricks partner to make AI work across business applications - CNBC,Neutral,0
SAP,02-12-2024,Stocks Showing Rising Market Leadership: SAP ADR Earns 82 RS Rating - Investor's Business Daily,Neutral,0
SAP,28-03-2025,Stocks Suffer Second Worst Day of Year as Tariffs Sap Sentiment - Bloomberg.com,Negative,-0.8225
SAP,27-03-2025,Omnichannel Retail In SAP: Streamlining Inventory Allocation & Purchase Order Massification - Free Press Journal,Positive,0.5106
SAP,18-11-2024,GAIL bags SAP Award for Financial Innovation - BusinessLine,Positive,0.7269
SAP,03-02-2025,(PDF) AI-Powered Demand Forecasting and Inventory Management in SAP-Based Supply Chains - ResearchGate,Negative,-0.128
SAP,03-12-2024,Why Is SAP SE (SAP) Among the Big Data Stocks to Buy According to Hedge Funds? - Yahoo Finance,Neutral,0
SAP,09-12-2024,Institutional investors have a lot riding on SAP SE (ETR:SAP) with 45% ownership - simplywall.st,Neutral,0
SAP,27-03-2025,Asian Stocks Decline as Trump Tariffs Sap Risk: Markets Wrap - SWI swissinfo.ch,Negative,-0.2732
SAP,10-02-2025,Deutsche Börse accommodates SAP - second Dax planned - MarketScreener,Neutral,0
SAP,19-11-2024,Is SAP SE (SAP) the Best German Stock to Buy Now? - Yahoo Finance,Positive,0.6369
SAP,12-12-2024,How SAP’s (SAP) AI Integration is Changing the Mobile Business Experience - Yahoo Finance,Neutral,0
SAP,24-03-2025,"Stock Market: German SAP is the company with the highest market capitalization in Europe, surpassing Novo Nordisk - firstonline.info",Neutral,0
